wavelength,reflectance,diffuse_transmittance
350,0.09341,0
351,0.09131,0
352,0.09173,0
353,0.09135,0
354,0.08754,0
355,0.08577,0
356,0.08716,0
357,0.08667,0
358,0.086,0
359,0.08486,0
360,0.08358,0
361,0.08482,0
362,0.08536,0
363,0.0849,0
364,0.08424,0
365,0.08366,0
366,0.08391,0
367,0.08419,0
368,0.08303,0
369,0.08325,0
370,0.08305,0
371,0.08203,0
372,0.08233,0
373,0.08227,0
374,0.08207,0
375,0.08204,0
376,0.08165,0
377,0.08185,0
378,0.08165,0
379,0.08005,0
380,0.07986,0
381,0.0803,0
382,0.08061,0
383,0.08031,0
384,0.0796,0
385,0.07926,0
386,0.07961,0
387,0.08028,0
388,0.07977,0
389,0.07922,0
390,0.07971,0
391,0.07968,0
392,0.07907,0
393,0.07866,0
394,0.07931,0
395,0.07911,0
396,0.07846,0
397,0.07803,0
398,0.07843,0
399,0.07798,0
400,0.07753,0
401,0.07765,0
402,0.07708,0
403,0.07642,0
404,0.07614,0
405,0.07644,0
406,0.07636,0
407,0.07605,0
408,0.07577,0
409,0.07574,0
410,0.07542,0
411,0.07509,0
412,0.07498,0
413,0.07503,0
414,0.07474,0
415,0.07441,0
416,0.07438,0
417,0.0742,0
418,0.07415,0
419,0.07414,0
420,0.07383,0
421,0.07393,0
422,0.07396,0
423,0.07373,0
424,0.07379,0
425,0.07361,0
426,0.07337,0
427,0.07334,0
428,0.07347,0
429,0.07337,0
430,0.07316,0
431,0.07324,0
432,0.07319,0
433,0.07309,0
434,0.07304,0
435,0.07318,0
436,0.07325,0
437,0.07331,0
438,0.07342,0
439,0.07338,0
440,0.07349,0
441,0.07371,0
442,0.07385,0
443,0.074,0
444,0.07423,0
445,0.07449,0
446,0.07459,0
447,0.07495,0
448,0.07531,0
449,0.07543,0
450,0.07576,0
451,0.07604,0
452,0.07622,0
453,0.07642,0
454,0.07667,0
455,0.07688,0
456,0.07701,0
457,0.07721,0
458,0.07735,0
459,0.07741,0
460,0.07745,0
461,0.0777,0
462,0.07786,0
463,0.07792,0
464,0.07805,0
465,0.07812,0
466,0.07826,0
467,0.07847,0
468,0.07857,0
469,0.07865,0
470,0.07876,0
471,0.07892,0
472,0.07899,0
473,0.07906,0
474,0.07919,0
475,0.07937,0
476,0.07953,0
477,0.07966,0
478,0.07976,0
479,0.07992,0
480,0.08006,0
481,0.08018,0
482,0.08033,0
483,0.08052,0
484,0.08072,0
485,0.08095,0
486,0.08125,0
487,0.08147,0
488,0.08175,0
489,0.08219,0
490,0.08262,0
491,0.08303,0
492,0.08349,0
493,0.08406,0
494,0.08462,0
495,0.08526,0
496,0.08598,0
497,0.08659,0
498,0.0873,0
499,0.08811,0
500,0.08896,0
501,0.08976,0
502,0.09067,0
503,0.09167,0
504,0.09264,0
505,0.0937,0
506,0.09481,0
507,0.09593,0
508,0.09707,0
509,0.09833,0
510,0.09962,0
511,0.10083,0
512,0.10214,0
513,0.10347,0
514,0.10481,0
515,0.10621,0
516,0.1076,0
517,0.10901,0
518,0.11043,0
519,0.11179,0
520,0.11314,0
521,0.11451,0
522,0.11592,0
523,0.11726,0
524,0.11859,0
525,0.11993,0
526,0.1212,0
527,0.1224,0
528,0.12358,0
529,0.12478,0
530,0.12593,0
531,0.12705,0
532,0.12815,0
533,0.12919,0
534,0.13018,0
535,0.13113,0
536,0.13206,0
537,0.13297,0
538,0.13382,0
539,0.13462,0
540,0.13541,0
541,0.13618,0
542,0.13692,0
543,0.13764,0
544,0.13832,0
545,0.13898,0
546,0.13963,0
547,0.14028,0
548,0.14087,0
549,0.14144,0
550,0.14201,0
551,0.14255,0
552,0.14304,0
553,0.14354,0
554,0.14403,0
555,0.14446,0
556,0.14484,0
557,0.14519,0
558,0.14551,0
559,0.14576,0
560,0.14596,0
561,0.14613,0
562,0.14625,0
563,0.14633,0
564,0.14636,0
565,0.14634,0
566,0.14631,0
567,0.14623,0
568,0.14611,0
569,0.14598,0
570,0.14583,0
571,0.14566,0
572,0.14548,0
573,0.14532,0
574,0.14516,0
575,0.14501,0
576,0.14489,0
577,0.1448,0
578,0.14473,0
579,0.14467,0
580,0.14462,0
581,0.14458,0
582,0.14456,0
583,0.14454,0
584,0.14453,0
585,0.14448,0
586,0.14443,0
587,0.14443,0
588,0.14444,0
589,0.14443,0
590,0.14443,0
591,0.14447,0
592,0.14452,0
593,0.14458,0
594,0.14465,0
595,0.14476,0
596,0.1449,0
597,0.14507,0
598,0.14524,0
599,0.1454,0
600,0.14557,0
601,0.14572,0
602,0.14587,0
603,0.146,0
604,0.14611,0
605,0.14623,0
606,0.14631,0
607,0.14637,0
608,0.14641,0
609,0.14644,0
610,0.14648,0
611,0.14649,0
612,0.14646,0
613,0.1464,0
614,0.14633,0
615,0.14626,0
616,0.14619,0
617,0.14611,0
618,0.14606,0
619,0.14606,0
620,0.1461,0
621,0.14618,0
622,0.14631,0
623,0.14647,0
624,0.14666,0
625,0.14689,0
626,0.14715,0
627,0.14743,0
628,0.14769,0
629,0.14795,0
630,0.14821,0
631,0.14844,0
632,0.14857,0
633,0.14861,0
634,0.14853,0
635,0.14834,0
636,0.14796,0
637,0.14737,0
638,0.14661,0
639,0.14567,0
640,0.14458,0
641,0.14338,0
642,0.14204,0
643,0.14066,0
644,0.13929,0
645,0.13792,0
646,0.13661,0
647,0.13543,0
648,0.13443,0
649,0.13365,0
650,0.13315,0
651,0.13294,0
652,0.13296,0
653,0.13314,0
654,0.13338,0
655,0.1336,0
656,0.13372,0
657,0.13364,0
658,0.13332,0
659,0.13274,0
660,0.13193,0
661,0.13091,0
662,0.12973,0
663,0.12846,0
664,0.12717,0
665,0.1259,0
666,0.1247,0
667,0.12359,0
668,0.12264,0
669,0.12186,0
670,0.12128,0
671,0.12088,0
672,0.12069,0
673,0.1207,0
674,0.12087,0
675,0.12118,0
676,0.12157,0
677,0.12205,0
678,0.12259,0
679,0.12325,0
680,0.12411,0
681,0.12526,0
682,0.1268,0
683,0.12883,0
684,0.13146,0
685,0.13479,0
686,0.13889,0
687,0.14381,0
688,0.14951,0
689,0.15595,0
690,0.16303,0
691,0.17062,0
692,0.17854,0
693,0.18666,0
694,0.19482,0
695,0.20293,0
696,0.21089,0
697,0.21862,0
698,0.22607,0
699,0.23322,0
700,0.2401,0
701,0.24667,0
702,0.25294,0
703,0.25888,0
704,0.26454,0
705,0.2699,0
706,0.275,0
707,0.27989,0
708,0.2846,0
709,0.28917,0
710,0.29362,0
711,0.29792,0
712,0.30213,0
713,0.30626,0
714,0.3103,0
715,0.31424,0
716,0.31809,0
717,0.32189,0
718,0.32562,0
719,0.32928,0
720,0.33286,0
721,0.33638,0
722,0.33984,0
723,0.34322,0
724,0.34652,0
725,0.3498,0
726,0.35302,0
727,0.35616,0
728,0.35922,0
729,0.36223,0
730,0.36514,0
731,0.36797,0
732,0.37076,0
733,0.37346,0
734,0.37609,0
735,0.37868,0
736,0.38122,0
737,0.3837,0
738,0.38609,0
739,0.3884,0
740,0.39067,0
741,0.39288,0
742,0.39504,0
743,0.39715,0
744,0.3992,0
745,0.40119,0
746,0.40313,0
747,0.40502,0
748,0.40688,0
749,0.40869,0
750,0.41045,0
751,0.41218,0
752,0.41389,0
753,0.41557,0
754,0.41721,0
755,0.41881,0
756,0.42041,0
757,0.422,0
758,0.42356,0
759,0.42513,0
760,0.42669,0
761,0.42822,0
762,0.42971,0
763,0.4312,0
764,0.43269,0
765,0.43416,0
766,0.43563,0
767,0.4371,0
768,0.43855,0
769,0.43998,0
770,0.4414,0
771,0.44284,0
772,0.44428,0
773,0.4457,0
774,0.44712,0
775,0.44856,0
776,0.44998,0
777,0.45139,0
778,0.45279,0
779,0.45421,0
780,0.45564,0
781,0.45706,0
782,0.45847,0
783,0.45986,0
784,0.46125,0
785,0.46264,0
786,0.46404,0
787,0.46546,0
788,0.46685,0
789,0.46824,0
790,0.46963,0
791,0.471,0
792,0.47239,0
793,0.47378,0
794,0.47517,0
795,0.47653,0
796,0.47789,0
797,0.47924,0
798,0.48058,0
799,0.48192,0
800,0.48327,0
801,0.48463,0
802,0.48597,0
803,0.48733,0
804,0.48866,0
805,0.48997,0
806,0.49128,0
807,0.49259,0
808,0.49391,0
809,0.49523,0
810,0.49651,0
811,0.49777,0
812,0.49904,0
813,0.50031,0
814,0.50158,0
815,0.50285,0
816,0.5041,0
817,0.50531,0
818,0.50654,0
819,0.50778,0
820,0.509,0
821,0.51021,0
822,0.51139,0
823,0.51257,0
824,0.51372,0
825,0.51487,0
826,0.51598,0
827,0.51709,0
828,0.51821,0
829,0.51929,0
830,0.52034,0
831,0.52139,0
832,0.52246,0
833,0.52353,0
834,0.52459,0
835,0.52565,0
836,0.52674,0
837,0.52781,0
838,0.52887,0
839,0.52993,0
840,0.53098,0
841,0.53204,0
842,0.53309,0
843,0.53411,0
844,0.53515,0
845,0.53618,0
846,0.53721,0
847,0.53822,0
848,0.53921,0
849,0.5402,0
850,0.54119,0
851,0.54215,0
852,0.54313,0
853,0.54411,0
854,0.54507,0
855,0.54602,0
856,0.54693,0
857,0.54784,0
858,0.54877,0
859,0.54968,0
860,0.55057,0
861,0.55146,0
862,0.55236,0
863,0.55323,0
864,0.55409,0
865,0.55498,0
866,0.55588,0
867,0.55674,0
868,0.55761,0
869,0.55849,0
870,0.55937,0
871,0.56026,0
872,0.56114,0
873,0.562,0
874,0.56286,0
875,0.56372,0
876,0.56457,0
877,0.5654,0
878,0.56622,0
879,0.56709,0
880,0.56795,0
881,0.56877,0
882,0.56961,0
883,0.57043,0
884,0.57122,0
885,0.57197,0
886,0.57279,0
887,0.57358,0
888,0.57434,0
889,0.57512,0
890,0.5759,0
891,0.57668,0
892,0.57746,0
893,0.5782,0
894,0.57894,0
895,0.57969,0
896,0.58043,0
897,0.58114,0
898,0.58185,0
899,0.58256,0
900,0.58326,0
901,0.58394,0
902,0.5846,0
903,0.58527,0
904,0.58597,0
905,0.58662,0
906,0.58724,0
907,0.58787,0
908,0.58852,0
909,0.58915,0
910,0.58973,0
911,0.59032,0
912,0.59093,0
913,0.5915,0
914,0.59205,0
915,0.59259,0
916,0.59311,0
917,0.59365,0
918,0.59417,0
919,0.59467,0
920,0.59517,0
921,0.59567,0
922,0.59613,0
923,0.59655,0
924,0.59696,0
925,0.59733,0
926,0.59768,0
927,0.59801,0
928,0.5983,0
929,0.59857,0
930,0.59885,0
931,0.59912,0
932,0.59931,0
933,0.5995,0
934,0.59968,0
935,0.59985,0
936,0.59999,0
937,0.60014,0
938,0.60025,0
939,0.60031,0
940,0.60037,0
941,0.60042,0
942,0.60041,0
943,0.60035,0
944,0.60026,0
945,0.60011,0
946,0.59993,0
947,0.5997,0
948,0.59938,0
949,0.59906,0
950,0.5987,0
951,0.59825,0
952,0.59771,0
953,0.59723,0
954,0.59677,0
955,0.5963,0
956,0.59573,0
957,0.59528,0
958,0.59488,0
959,0.5945,0
960,0.59421,0
961,0.594,0
962,0.59379,0
963,0.59359,0
964,0.59349,0
965,0.59345,0
966,0.59344,0
967,0.59344,0
968,0.59346,0
969,0.59357,0
970,0.5937,0
971,0.59382,0
972,0.59396,0
973,0.59415,0
974,0.59434,0
975,0.59453,0
976,0.59477,0
977,0.59502,0
978,0.5953,0
979,0.5956,0
980,0.5959,0
981,0.5962,0
982,0.59656,0
983,0.59696,0
984,0.59734,0
985,0.59776,0
986,0.59817,0
987,0.5986,0
988,0.59913,0
989,0.59964,0
990,0.60017,0
991,0.60072,0
992,0.60129,0
993,0.60188,0
994,0.60246,0
995,0.60304,0
996,0.60363,0
997,0.60424,0
998,0.60494,0
999,0.60565,0
1000,0.60628,0
1001,0.60825,0
1002,0.60893,0
1003,0.60961,0
1004,0.61033,0
1005,0.61106,0
1006,0.61182,0
1007,0.61257,0
1008,0.61332,0
1009,0.61408,0
1010,0.6148,0
1011,0.61553,0
1012,0.61627,0
1013,0.61702,0
1014,0.61781,0
1015,0.61858,0
1016,0.61935,0
1017,0.62013,0
1018,0.6209,0
1019,0.62165,0
1020,0.62242,0
1021,0.6232,0
1022,0.62398,0
1023,0.6248,0
1024,0.62559,0
1025,0.62638,0
1026,0.62719,0
1027,0.62799,0
1028,0.62876,0
1029,0.62954,0
1030,0.63032,0
1031,0.63109,0
1032,0.63181,0
1033,0.63255,0
1034,0.63331,0
1035,0.63404,0
1036,0.63479,0
1037,0.63557,0
1038,0.6363,0
1039,0.63701,0
1040,0.63774,0
1041,0.63845,0
1042,0.63915,0
1043,0.63986,0
1044,0.64055,0
1045,0.64123,0
1046,0.6419,0
1047,0.64257,0
1048,0.64323,0
1049,0.64388,0
1050,0.64453,0
1051,0.64517,0
1052,0.64578,0
1053,0.6464,0
1054,0.64702,0
1055,0.64763,0
1056,0.64822,0
1057,0.64876,0
1058,0.64927,0
1059,0.64981,0
1060,0.65034,0
1061,0.65085,0
1062,0.65137,0
1063,0.65191,0
1064,0.6524,0
1065,0.65289,0
1066,0.6534,0
1067,0.65387,0
1068,0.65431,0
1069,0.65475,0
1070,0.65514,0
1071,0.65553,0
1072,0.65591,0
1073,0.65625,0
1074,0.65662,0
1075,0.657,0
1076,0.65735,0
1077,0.6577,0
1078,0.65804,0
1079,0.65835,0
1080,0.65863,0
1081,0.65889,0
1082,0.65913,0
1083,0.65935,0
1084,0.65956,0
1085,0.65977,0
1086,0.65998,0
1087,0.66017,0
1088,0.66035,0
1089,0.66052,0
1090,0.66068,0
1091,0.66082,0
1092,0.66093,0
1093,0.66101,0
1094,0.66106,0
1095,0.66109,0
1096,0.66115,0
1097,0.66122,0
1098,0.66128,0
1099,0.66132,0
1100,0.66133,0
1101,0.66132,0
1102,0.66132,0
1103,0.66132,0
1104,0.66129,0
1105,0.66124,0
1106,0.66117,0
1107,0.66107,0
1108,0.66096,0
1109,0.66086,0
1110,0.66073,0
1111,0.66057,0
1112,0.66041,0
1113,0.66022,0
1114,0.66,0
1115,0.65973,0
1116,0.65943,0
1117,0.65909,0
1118,0.65868,0
1119,0.65824,0
1120,0.65775,0
1121,0.65722,0
1122,0.65664,0
1123,0.65598,0
1124,0.65527,0
1125,0.65448,0
1126,0.65364,0
1127,0.6527,0
1128,0.65168,0
1129,0.65061,0
1130,0.64943,0
1131,0.64815,0
1132,0.64683,0
1133,0.64542,0
1134,0.64393,0
1135,0.64236,0
1136,0.64072,0
1137,0.63903,0
1138,0.63729,0
1139,0.63552,0
1140,0.63373,0
1141,0.63188,0
1142,0.63005,0
1143,0.62818,0
1144,0.62637,0
1145,0.62455,0
1146,0.62281,0
1147,0.6211,0
1148,0.61941,0
1149,0.61777,0
1150,0.61621,0
1151,0.6147,0
1152,0.61327,0
1153,0.61192,0
1154,0.61065,0
1155,0.60948,0
1156,0.60838,0
1157,0.60735,0
1158,0.60639,0
1159,0.60552,0
1160,0.60473,0
1161,0.60399,0
1162,0.60333,0
1163,0.60272,0
1164,0.60214,0
1165,0.60162,0
1166,0.60117,0
1167,0.60077,0
1168,0.60039,0
1169,0.60005,0
1170,0.59975,0
1171,0.59948,0
1172,0.59924,0
1173,0.599,0
1174,0.59875,0
1175,0.5985,0
1176,0.59825,0
1177,0.59798,0
1178,0.59771,0
1179,0.59745,0
1180,0.59718,0
1181,0.59691,0
1182,0.59664,0
1183,0.59635,0
1184,0.5961,0
1185,0.59585,0
1186,0.59562,0
1187,0.59541,0
1188,0.59522,0
1189,0.59504,0
1190,0.59488,0
1191,0.59474,0
1192,0.5946,0
1193,0.59449,0
1194,0.5944,0
1195,0.59433,0
1196,0.59428,0
1197,0.59424,0
1198,0.59422,0
1199,0.59423,0
1200,0.59425,0
1201,0.5943,0
1202,0.59435,0
1203,0.59444,0
1204,0.59454,0
1205,0.59466,0
1206,0.59483,0
1207,0.59504,0
1208,0.59529,0
1209,0.59557,0
1210,0.59588,0
1211,0.59624,0
1212,0.59665,0
1213,0.5971,0
1214,0.59761,0
1215,0.59818,0
1216,0.5988,0
1217,0.59948,0
1218,0.6002,0
1219,0.60097,0
1220,0.60177,0
1221,0.60263,0
1222,0.60348,0
1223,0.60437,0
1224,0.60524,0
1225,0.60611,0
1226,0.60697,0
1227,0.60782,0
1228,0.60865,0
1229,0.60947,0
1230,0.61026,0
1231,0.61103,0
1232,0.61178,0
1233,0.61252,0
1234,0.61323,0
1235,0.61393,0
1236,0.61462,0
1237,0.61528,0
1238,0.61591,0
1239,0.61654,0
1240,0.61715,0
1241,0.61775,0
1242,0.61834,0
1243,0.61891,0
1244,0.61947,0
1245,0.62001,0
1246,0.62053,0
1247,0.62103,0
1248,0.62153,0
1249,0.62202,0
1250,0.6225,0
1251,0.62297,0
1252,0.62341,0
1253,0.62385,0
1254,0.62428,0
1255,0.6247,0
1256,0.62511,0
1257,0.62552,0
1258,0.62589,0
1259,0.62624,0
1260,0.62658,0
1261,0.62692,0
1262,0.62722,0
1263,0.62751,0
1264,0.62779,0
1265,0.62804,0
1266,0.62829,0
1267,0.62854,0
1268,0.62878,0
1269,0.62902,0
1270,0.62924,0
1271,0.62946,0
1272,0.62966,0
1273,0.62985,0
1274,0.63004,0
1275,0.63019,0
1276,0.63032,0
1277,0.63045,0
1278,0.63055,0
1279,0.63065,0
1280,0.63074,0
1281,0.63081,0
1282,0.63087,0
1283,0.63091,0
1284,0.63092,0
1285,0.63091,0
1286,0.63087,0
1287,0.63082,0
1288,0.63074,0
1289,0.63065,0
1290,0.63056,0
1291,0.63041,0
1292,0.63022,0
1293,0.63003,0
1294,0.6298,0
1295,0.62955,0
1296,0.62927,0
1297,0.629,0
1298,0.62865,0
1299,0.62826,0
1300,0.62785,0
1301,0.62741,0
1302,0.62693,0
1303,0.62643,0
1304,0.62589,0
1305,0.62532,0
1306,0.62473,0
1307,0.62412,0
1308,0.62346,0
1309,0.62276,0
1310,0.62204,0
1311,0.62129,0
1312,0.6205,0
1313,0.61967,0
1314,0.61881,0
1315,0.6179,0
1316,0.61697,0
1317,0.616,0
1318,0.61501,0
1319,0.61401,0
1320,0.61297,0
1321,0.61189,0
1322,0.61077,0
1323,0.60963,0
1324,0.60844,0
1325,0.60723,0
1326,0.60599,0
1327,0.60475,0
1328,0.60346,0
1329,0.60218,0
1330,0.60088,0
1331,0.59958,0
1332,0.59826,0
1333,0.59694,0
1334,0.59564,0
1335,0.59431,0
1336,0.59295,0
1337,0.59161,0
1338,0.59024,0
1339,0.58891,0
1340,0.58759,0
1341,0.58628,0
1342,0.58498,0
1343,0.58372,0
1344,0.58247,0
1345,0.58124,0
1346,0.58003,0
1347,0.57886,0
1348,0.57772,0
1349,0.57659,0
1350,0.57548,0
1351,0.57441,0
1352,0.57335,0
1353,0.5723,0
1354,0.57126,0
1355,0.57024,0
1356,0.56922,0
1357,0.5682,0
1358,0.56717,0
1359,0.56614,0
1360,0.5651,0
1361,0.56404,0
1362,0.56295,0
1363,0.56186,0
1364,0.56071,0
1365,0.55953,0
1366,0.55828,0
1367,0.557,0
1368,0.55565,0
1369,0.55425,0
1370,0.55275,0
1371,0.55119,0
1372,0.54951,0
1373,0.54775,0
1374,0.54585,0
1375,0.54385,0
1376,0.54172,0
1377,0.53946,0
1378,0.53706,0
1379,0.53448,0
1380,0.53176,0
1381,0.52891,0
1382,0.52589,0
1383,0.52275,0
1384,0.51948,0
1385,0.51613,0
1386,0.51266,0
1387,0.50911,0
1388,0.50546,0
1389,0.50181,0
1390,0.49806,0
1391,0.49433,0
1392,0.49056,0
1393,0.48684,0
1394,0.48308,0
1395,0.47937,0
1396,0.47567,0
1397,0.47204,0
1398,0.46844,0
1399,0.46489,0
1400,0.46139,0
1401,0.458,0
1402,0.45466,0
1403,0.45139,0
1404,0.4482,0
1405,0.44512,0
1406,0.4421,0
1407,0.43917,0
1408,0.43634,0
1409,0.43363,0
1410,0.43103,0
1411,0.42853,0
1412,0.42614,0
1413,0.42388,0
1414,0.42171,0
1415,0.41963,0
1416,0.41764,0
1417,0.41577,0
1418,0.41399,0
1419,0.41229,0
1420,0.41068,0
1421,0.40916,0
1422,0.40772,0
1423,0.40635,0
1424,0.40505,0
1425,0.40385,0
1426,0.40271,0
1427,0.40163,0
1428,0.40061,0
1429,0.39968,0
1430,0.3988,0
1431,0.39797,0
1432,0.39719,0
1433,0.39646,0
1434,0.39579,0
1435,0.39517,0
1436,0.39459,0
1437,0.39407,0
1438,0.39359,0
1439,0.39315,0
1440,0.39275,0
1441,0.39241,0
1442,0.39209,0
1443,0.3918,0
1444,0.39154,0
1445,0.39132,0
1446,0.39113,0
1447,0.39098,0
1448,0.39085,0
1449,0.39075,0
1450,0.39067,0
1451,0.3906,0
1452,0.39055,0
1453,0.39052,0
1454,0.39051,0
1455,0.39051,0
1456,0.39053,0
1457,0.39058,0
1458,0.39065,0
1459,0.39073,0
1460,0.39084,0
1461,0.39097,0
1462,0.39112,0
1463,0.3913,0
1464,0.3915,0
1465,0.39174,0
1466,0.39201,0
1467,0.39232,0
1468,0.39266,0
1469,0.39303,0
1470,0.39343,0
1471,0.39386,0
1472,0.39432,0
1473,0.39482,0
1474,0.39534,0
1475,0.39588,0
1476,0.39645,0
1477,0.39704,0
1478,0.39764,0
1479,0.39826,0
1480,0.3989,0
1481,0.39955,0
1482,0.40021,0
1483,0.40088,0
1484,0.40156,0
1485,0.40225,0
1486,0.40295,0
1487,0.40366,0
1488,0.40439,0
1489,0.40511,0
1490,0.40585,0
1491,0.40658,0
1492,0.40731,0
1493,0.40805,0
1494,0.4088,0
1495,0.40955,0
1496,0.41032,0
1497,0.41108,0
1498,0.41187,0
1499,0.41264,0
1500,0.41341,0
1501,0.41419,0
1502,0.41497,0
1503,0.41575,0
1504,0.41654,0
1505,0.41734,0
1506,0.41812,0
1507,0.4189,0
1508,0.41967,0
1509,0.42044,0
1510,0.42121,0
1511,0.42199,0
1512,0.42275,0
1513,0.42352,0
1514,0.42428,0
1515,0.42501,0
1516,0.42575,0
1517,0.42651,0
1518,0.42725,0
1519,0.428,0
1520,0.42873,0
1521,0.42946,0
1522,0.43018,0
1523,0.43089,0
1524,0.43159,0
1525,0.43229,0
1526,0.43299,0
1527,0.43368,0
1528,0.43436,0
1529,0.43502,0
1530,0.43568,0
1531,0.43632,0
1532,0.43697,0
1533,0.43761,0
1534,0.43825,0
1535,0.43889,0
1536,0.43952,0
1537,0.44016,0
1538,0.44077,0
1539,0.44137,0
1540,0.44197,0
1541,0.44256,0
1542,0.44316,0
1543,0.44377,0
1544,0.44437,0
1545,0.44495,0
1546,0.44554,0
1547,0.44612,0
1548,0.4467,0
1549,0.44727,0
1550,0.44784,0
1551,0.44841,0
1552,0.44897,0
1553,0.44952,0
1554,0.45007,0
1555,0.4506,0
1556,0.45114,0
1557,0.45168,0
1558,0.45221,0
1559,0.45273,0
1560,0.45326,0
1561,0.45377,0
1562,0.45428,0
1563,0.4548,0
1564,0.45531,0
1565,0.45581,0
1566,0.45631,0
1567,0.4568,0
1568,0.4573,0
1569,0.4578,0
1570,0.4583,0
1571,0.45881,0
1572,0.45931,0
1573,0.4598,0
1574,0.46029,0
1575,0.46077,0
1576,0.46126,0
1577,0.46176,0
1578,0.46227,0
1579,0.46277,0
1580,0.46327,0
1581,0.46377,0
1582,0.46428,0
1583,0.4648,0
1584,0.46531,0
1585,0.46581,0
1586,0.46632,0
1587,0.46682,0
1588,0.46733,0
1589,0.46785,0
1590,0.46837,0
1591,0.46891,0
1592,0.46944,0
1593,0.46995,0
1594,0.47048,0
1595,0.47099,0
1596,0.47151,0
1597,0.47204,0
1598,0.47256,0
1599,0.47309,0
1600,0.4736,0
1601,0.47411,0
1602,0.47462,0
1603,0.47513,0
1604,0.47563,0
1605,0.47612,0
1606,0.47661,0
1607,0.47709,0
1608,0.47757,0
1609,0.47804,0
1610,0.47851,0
1611,0.47897,0
1612,0.47944,0
1613,0.4799,0
1614,0.48036,0
1615,0.48082,0
1616,0.48126,0
1617,0.48169,0
1618,0.48212,0
1619,0.48254,0
1620,0.48296,0
1621,0.48336,0
1622,0.48377,0
1623,0.48416,0
1624,0.48455,0
1625,0.48493,0
1626,0.48531,0
1627,0.48569,0
1628,0.48605,0
1629,0.48641,0
1630,0.48674,0
1631,0.48706,0
1632,0.48737,0
1633,0.48767,0
1634,0.48796,0
1635,0.48825,0
1636,0.48851,0
1637,0.48874,0
1638,0.48896,0
1639,0.48915,0
1640,0.48933,0
1641,0.48948,0
1642,0.48961,0
1643,0.4897,0
1644,0.48978,0
1645,0.48984,0
1646,0.48987,0
1647,0.48989,0
1648,0.48987,0
1649,0.48984,0
1650,0.48977,0
1651,0.48966,0
1652,0.48955,0
1653,0.48941,0
1654,0.48925,0
1655,0.48908,0
1656,0.48889,0
1657,0.48867,0
1658,0.48845,0
1659,0.4882,0
1660,0.48797,0
1661,0.48774,0
1662,0.48751,0
1663,0.48729,0
1664,0.48705,0
1665,0.48681,0
1666,0.48657,0
1667,0.48633,0
1668,0.48611,0
1669,0.48591,0
1670,0.48569,0
1671,0.48546,0
1672,0.48525,0
1673,0.48505,0
1674,0.48483,0
1675,0.48463,0
1676,0.4844,0
1677,0.48414,0
1678,0.48388,0
1679,0.48362,0
1680,0.48333,0
1681,0.48301,0
1682,0.48267,0
1683,0.48231,0
1684,0.48191,0
1685,0.4815,0
1686,0.48106,0
1687,0.48058,0
1688,0.48008,0
1689,0.47955,0
1690,0.47898,0
1691,0.47836,0
1692,0.47773,0
1693,0.47709,0
1694,0.47641,0
1695,0.47571,0
1696,0.47496,0
1697,0.47415,0
1698,0.47331,0
1699,0.47242,0
1700,0.47152,0
1701,0.47057,0
1702,0.4696,0
1703,0.46862,0
1704,0.46762,0
1705,0.46658,0
1706,0.46556,0
1707,0.46454,0
1708,0.46353,0
1709,0.46253,0
1710,0.46153,0
1711,0.46054,0
1712,0.45957,0
1713,0.45861,0
1714,0.45767,0
1715,0.45674,0
1716,0.45582,0
1717,0.45491,0
1718,0.454,0
1719,0.45311,0
1720,0.45224,0
1721,0.45139,0
1722,0.45056,0
1723,0.44976,0
1724,0.44901,0
1725,0.44834,0
1726,0.44775,0
1727,0.44727,0
1728,0.44693,0
1729,0.44671,0
1730,0.44665,0
1731,0.44676,0
1732,0.44703,0
1733,0.44741,0
1734,0.44791,0
1735,0.44849,0
1736,0.44913,0
1737,0.44971,0
1738,0.45034,0
1739,0.45088,0
1740,0.4514,0
1741,0.45182,0
1742,0.45216,0
1743,0.4524,0
1744,0.45252,0
1745,0.45259,0
1746,0.45256,0
1747,0.45248,0
1748,0.45235,0
1749,0.45217,0
1750,0.45193,0
1751,0.45167,0
1752,0.45134,0
1753,0.45103,0
1754,0.45068,0
1755,0.45034,0
1756,0.44999,0
1757,0.44966,0
1758,0.44932,0
1759,0.44903,0
1760,0.44879,0
1761,0.44862,0
1762,0.44851,0
1763,0.44846,0
1764,0.44847,0
1765,0.44855,0
1766,0.4487,0
1767,0.44889,0
1768,0.44912,0
1769,0.44937,0
1770,0.44961,0
1771,0.44987,0
1772,0.45012,0
1773,0.45036,0
1774,0.45057,0
1775,0.45077,0
1776,0.45095,0
1777,0.45109,0
1778,0.45122,0
1779,0.45133,0
1780,0.45143,0
1781,0.45153,0
1782,0.45162,0
1783,0.45172,0
1784,0.45182,0
1785,0.4519,0
1786,0.45199,0
1787,0.45207,0
1788,0.45216,0
1789,0.45228,0
1790,0.45238,0
1791,0.45247,0
1792,0.45261,0
1793,0.45271,0
1794,0.45283,0
1795,0.45299,0
1796,0.45314,0
1797,0.45331,0
1798,0.45351,0
1799,0.45368,0
1800,0.45385,0
1801,0.45294,0
1802,0.45315,0
1803,0.45339,0
1804,0.45363,0
1805,0.45387,0
1806,0.45412,0
1807,0.45435,0
1808,0.4546,0
1809,0.45482,0
1810,0.45502,0
1811,0.45523,0
1812,0.45542,0
1813,0.45561,0
1814,0.45581,0
1815,0.456,0
1816,0.4562,0
1817,0.45642,0
1818,0.45662,0
1819,0.45682,0
1820,0.45702,0
1821,0.45721,0
1822,0.45741,0
1823,0.45763,0
1824,0.45783,0
1825,0.45801,0
1826,0.4582,0
1827,0.45836,0
1828,0.45849,0
1829,0.45862,0
1830,0.45874,0
1831,0.45885,0
1832,0.45895,0
1833,0.45905,0
1834,0.45913,0
1835,0.45919,0
1836,0.45922,0
1837,0.45924,0
1838,0.45921,0
1839,0.45916,0
1840,0.45907,0
1841,0.45895,0
1842,0.45881,0
1843,0.45864,0
1844,0.45842,0
1845,0.45815,0
1846,0.45783,0
1847,0.45745,0
1848,0.45704,0
1849,0.45654,0
1850,0.45599,0
1851,0.45536,0
1852,0.45465,0
1853,0.45387,0
1854,0.45302,0
1855,0.45208,0
1856,0.45105,0
1857,0.44993,0
1858,0.44872,0
1859,0.4474,0
1860,0.44599,0
1861,0.4445,0
1862,0.44291,0
1863,0.44121,0
1864,0.43942,0
1865,0.4375,0
1866,0.43545,0
1867,0.43326,0
1868,0.43095,0
1869,0.42853,0
1870,0.42601,0
1871,0.42332,0
1872,0.4205,0
1873,0.41758,0
1874,0.41453,0
1875,0.41134,0
1876,0.40806,0
1877,0.40468,0
1878,0.40121,0
1879,0.39763,0
1880,0.39395,0
1881,0.39016,0
1882,0.38631,0
1883,0.38235,0
1884,0.37829,0
1885,0.37415,0
1886,0.36991,0
1887,0.36561,0
1888,0.36126,0
1889,0.35685,0
1890,0.35244,0
1891,0.34801,0
1892,0.3436,0
1893,0.33917,0
1894,0.33479,0
1895,0.33044,0
1896,0.32616,0
1897,0.32193,0
1898,0.31778,0
1899,0.31375,0
1900,0.30983,0
1901,0.30603,0
1902,0.30236,0
1903,0.29884,0
1904,0.29546,0
1905,0.29222,0
1906,0.28913,0
1907,0.28622,0
1908,0.28348,0
1909,0.28089,0
1910,0.27843,0
1911,0.27614,0
1912,0.27398,0
1913,0.27197,0
1914,0.27009,0
1915,0.26834,0
1916,0.26671,0
1917,0.26522,0
1918,0.26382,0
1919,0.26254,0
1920,0.26139,0
1921,0.26033,0
1922,0.25939,0
1923,0.25855,0
1924,0.25781,0
1925,0.25716,0
1926,0.2566,0
1927,0.25614,0
1928,0.25577,0
1929,0.25549,0
1930,0.25531,0
1931,0.25521,0
1932,0.25516,0
1933,0.25519,0
1934,0.25528,0
1935,0.25544,0
1936,0.25568,0
1937,0.25598,0
1938,0.25632,0
1939,0.25674,0
1940,0.25719,0
1941,0.2577,0
1942,0.25825,0
1943,0.25885,0
1944,0.25948,0
1945,0.26015,0
1946,0.26085,0
1947,0.26157,0
1948,0.26233,0
1949,0.2631,0
1950,0.26391,0
1951,0.26472,0
1952,0.26555,0
1953,0.26639,0
1954,0.26726,0
1955,0.26814,0
1956,0.26904,0
1957,0.26994,0
1958,0.27085,0
1959,0.27176,0
1960,0.27268,0
1961,0.27359,0
1962,0.27452,0
1963,0.27545,0
1964,0.27638,0
1965,0.27731,0
1966,0.27825,0
1967,0.27919,0
1968,0.28014,0
1969,0.28108,0
1970,0.28203,0
1971,0.28299,0
1972,0.28395,0
1973,0.28493,0
1974,0.28591,0
1975,0.2869,0
1976,0.2879,0
1977,0.28889,0
1978,0.28987,0
1979,0.29086,0
1980,0.29186,0
1981,0.29286,0
1982,0.29386,0
1983,0.29487,0
1984,0.29588,0
1985,0.29688,0
1986,0.29787,0
1987,0.29886,0
1988,0.29985,0
1989,0.30085,0
1990,0.30183,0
1991,0.30282,0
1992,0.30378,0
1993,0.30473,0
1994,0.30567,0
1995,0.30659,0
1996,0.30751,0
1997,0.30843,0
1998,0.30933,0
1999,0.3102,0
2000,0.31105,0
2001,0.31189,0
2002,0.31272,0
2003,0.31353,0
2004,0.31434,0
2005,0.31512,0
2006,0.31587,0
2007,0.3166,0
2008,0.31732,0
2009,0.31801,0
2010,0.31869,0
2011,0.31935,0
2012,0.31998,0
2013,0.32059,0
2014,0.32118,0
2015,0.32174,0
2016,0.32228,0
2017,0.32281,0
2018,0.32331,0
2019,0.32379,0
2020,0.32424,0
2021,0.32464,0
2022,0.32502,0
2023,0.32537,0
2024,0.3257,0
2025,0.326,0
2026,0.32627,0
2027,0.32651,0
2028,0.32673,0
2029,0.32693,0
2030,0.3271,0
2031,0.32725,0
2032,0.32737,0
2033,0.32747,0
2034,0.32756,0
2035,0.32762,0
2036,0.32766,0
2037,0.32766,0
2038,0.32764,0
2039,0.32763,0
2040,0.3276,0
2041,0.32755,0
2042,0.3275,0
2043,0.32745,0
2044,0.32738,0
2045,0.32729,0
2046,0.32721,0
2047,0.32713,0
2048,0.32705,0
2049,0.32697,0
2050,0.32691,0
2051,0.32686,0
2052,0.32679,0
2053,0.32677,0
2054,0.32677,0
2055,0.32675,0
2056,0.32677,0
2057,0.32679,0
2058,0.32679,0
2059,0.32682,0
2060,0.32689,0
2061,0.32695,0
2062,0.32701,0
2063,0.3271,0
2064,0.32718,0
2065,0.32729,0
2066,0.32741,0
2067,0.32755,0
2068,0.32768,0
2069,0.32782,0
2070,0.32794,0
2071,0.32805,0
2072,0.32817,0
2073,0.32828,0
2074,0.3284,0
2075,0.32854,0
2076,0.32867,0
2077,0.32879,0
2078,0.32892,0
2079,0.32904,0
2080,0.32916,0
2081,0.32928,0
2082,0.3294,0
2083,0.32951,0
2084,0.32963,0
2085,0.32976,0
2086,0.32989,0
2087,0.33001,0
2088,0.33013,0
2089,0.33025,0
2090,0.33036,0
2091,0.33049,0
2092,0.33062,0
2093,0.33075,0
2094,0.33088,0
2095,0.33102,0
2096,0.33118,0
2097,0.33134,0
2098,0.3315,0
2099,0.33167,0
2100,0.33184,0
2101,0.33201,0
2102,0.33219,0
2103,0.33239,0
2104,0.3326,0
2105,0.33282,0
2106,0.33305,0
2107,0.33329,0
2108,0.33354,0
2109,0.33381,0
2110,0.33407,0
2111,0.33434,0
2112,0.33462,0
2113,0.33491,0
2114,0.33519,0
2115,0.33545,0
2116,0.33574,0
2117,0.33603,0
2118,0.33631,0
2119,0.33661,0
2120,0.33691,0
2121,0.33718,0
2122,0.33745,0
2123,0.33771,0
2124,0.33796,0
2125,0.3382,0
2126,0.33845,0
2127,0.33867,0
2128,0.33887,0
2129,0.33908,0
2130,0.33928,0
2131,0.33947,0
2132,0.33967,0
2133,0.33985,0
2134,0.34,0
2135,0.34015,0
2136,0.34029,0
2137,0.34042,0
2138,0.34055,0
2139,0.34069,0
2140,0.34082,0
2141,0.34094,0
2142,0.34107,0
2143,0.3412,0
2144,0.34134,0
2145,0.34148,0
2146,0.34162,0
2147,0.34177,0
2148,0.3419,0
2149,0.34205,0
2150,0.34217,0
2151,0.34229,0
2152,0.3424,0
2153,0.3425,0
2154,0.34259,0
2155,0.34267,0
2156,0.34275,0
2157,0.34281,0
2158,0.34287,0
2159,0.34293,0
2160,0.34298,0
2161,0.34303,0
2162,0.34307,0
2163,0.34313,0
2164,0.3432,0
2165,0.34326,0
2166,0.34331,0
2167,0.34337,0
2168,0.34343,0
2169,0.3435,0
2170,0.34359,0
2171,0.34368,0
2172,0.34378,0
2173,0.34389,0
2174,0.344,0
2175,0.34413,0
2176,0.34427,0
2177,0.34441,0
2178,0.34457,0
2179,0.34473,0
2180,0.34488,0
2181,0.34505,0
2182,0.34521,0
2183,0.34539,0
2184,0.34557,0
2185,0.34577,0
2186,0.34596,0
2187,0.34617,0
2188,0.34636,0
2189,0.34655,0
2190,0.34674,0
2191,0.34691,0
2192,0.34709,0
2193,0.34728,0
2194,0.34747,0
2195,0.34766,0
2196,0.34785,0
2197,0.34805,0
2198,0.34823,0
2199,0.34839,0
2200,0.34857,0
2201,0.34875,0
2202,0.34892,0
2203,0.34909,0
2204,0.34927,0
2205,0.34942,0
2206,0.34956,0
2207,0.3497,0
2208,0.34982,0
2209,0.34993,0
2210,0.35004,0
2211,0.35014,0
2212,0.35022,0
2213,0.35029,0
2214,0.35034,0
2215,0.35038,0
2216,0.35041,0
2217,0.35041,0
2218,0.35041,0
2219,0.35036,0
2220,0.35029,0
2221,0.35019,0
2222,0.35006,0
2223,0.34987,0
2224,0.34966,0
2225,0.34939,0
2226,0.34906,0
2227,0.34869,0
2228,0.34828,0
2229,0.34781,0
2230,0.34728,0
2231,0.34668,0
2232,0.34601,0
2233,0.34529,0
2234,0.34453,0
2235,0.34372,0
2236,0.34287,0
2237,0.34196,0
2238,0.34101,0
2239,0.33999,0
2240,0.33893,0
2241,0.33783,0
2242,0.3367,0
2243,0.33551,0
2244,0.33431,0
2245,0.33309,0
2246,0.33185,0
2247,0.33059,0
2248,0.32934,0
2249,0.32807,0
2250,0.32681,0
2251,0.32556,0
2252,0.32431,0
2253,0.32306,0
2254,0.32181,0
2255,0.32057,0
2256,0.31935,0
2257,0.31814,0
2258,0.31696,0
2259,0.31579,0
2260,0.31466,0
2261,0.31355,0
2262,0.31246,0
2263,0.31138,0
2264,0.31031,0
2265,0.30928,0
2266,0.30826,0
2267,0.30727,0
2268,0.30632,0
2269,0.3054,0
2270,0.3045,0
2271,0.30365,0
2272,0.30282,0
2273,0.30201,0
2274,0.30122,0
2275,0.30046,0
2276,0.29974,0
2277,0.29902,0
2278,0.29833,0
2279,0.29763,0
2280,0.29694,0
2281,0.29624,0
2282,0.29554,0
2283,0.29482,0
2284,0.29411,0
2285,0.29335,0
2286,0.29258,0
2287,0.29176,0
2288,0.29091,0
2289,0.29,0
2290,0.28907,0
2291,0.28807,0
2292,0.28702,0
2293,0.28593,0
2294,0.28478,0
2295,0.28362,0
2296,0.28243,0
2297,0.2812,0
2298,0.27994,0
2299,0.27871,0
2300,0.2775,0
2301,0.27631,0
2302,0.27516,0
2303,0.27405,0
2304,0.27296,0
2305,0.27195,0
2306,0.27106,0
2307,0.27031,0
2308,0.26976,0
2309,0.26941,0
2310,0.2693,0
2311,0.26944,0
2312,0.26977,0
2313,0.2704,0
2314,0.27122,0
2315,0.27219,0
2316,0.2733,0
2317,0.27449,0
2318,0.27571,0
2319,0.27693,0
2320,0.2781,0
2321,0.2791,0
2322,0.27995,0
2323,0.28064,0
2324,0.28118,0
2325,0.2816,0
2326,0.28187,0
2327,0.28199,0
2328,0.28201,0
2329,0.28186,0
2330,0.28168,0
2331,0.2814,0
2332,0.28106,0
2333,0.28064,0
2334,0.28017,0
2335,0.27961,0
2336,0.27902,0
2337,0.27836,0
2338,0.27766,0
2339,0.27691,0
2340,0.27612,0
2341,0.27528,0
2342,0.27442,0
2343,0.27347,0
2344,0.27262,0
2345,0.27175,0
2346,0.27102,0
2347,0.27034,0
2348,0.26983,0
2349,0.26941,0
2350,0.26917,0
2351,0.26913,0
2352,0.26919,0
2353,0.26944,0
2354,0.26972,0
2355,0.27015,0
2356,0.27053,0
2357,0.27095,0
2358,0.27134,0
2359,0.27169,0
2360,0.27195,0
2361,0.27215,0
2362,0.27227,0
2363,0.27232,0
2364,0.27227,0
2365,0.27219,0
2366,0.27205,0
2367,0.27186,0
2368,0.27166,0
2369,0.27143,0
2370,0.27118,0
2371,0.27095,0
2372,0.27073,0
2373,0.27048,0
2374,0.27021,0
2375,0.26994,0
2376,0.26965,0
2377,0.26933,0
2378,0.26899,0
2379,0.26861,0
2380,0.26823,0
2381,0.26786,0
2382,0.26753,0
2383,0.26719,0
2384,0.26685,0
2385,0.26651,0
2386,0.26618,0
2387,0.26582,0
2388,0.26549,0
2389,0.26519,0
2390,0.26489,0
2391,0.26463,0
2392,0.26438,0
2393,0.26413,0
2394,0.26387,0
2395,0.26364,0
2396,0.26339,0
2397,0.26318,0
2398,0.26293,0
2399,0.26264,0
2400,0.26233,0
2401,0.26195,0
2402,0.26158,0
2403,0.26124,0
2404,0.26089,0
2405,0.26057,0
2406,0.26023,0
2407,0.25988,0
2408,0.25952,0
2409,0.25913,0
2410,0.25876,0
2411,0.25837,0
2412,0.25797,0
2413,0.25757,0
2414,0.25713,0
2415,0.25668,0
2416,0.2562,0
2417,0.25569,0
2418,0.25521,0
2419,0.2547,0
2420,0.2542,0
2421,0.2537,0
2422,0.25317,0
2423,0.25266,0
2424,0.2521,0
2425,0.25153,0
2426,0.25098,0
2427,0.25036,0
2428,0.24974,0
2429,0.24914,0
2430,0.2485,0
2431,0.24786,0
2432,0.24729,0
2433,0.24672,0
2434,0.24613,0
2435,0.24554,0
2436,0.24493,0
2437,0.24431,0
2438,0.24369,0
2439,0.24308,0
2440,0.24255,0
2441,0.24196,0
2442,0.24135,0
2443,0.24077,0
2444,0.24016,0
2445,0.23956,0
2446,0.23899,0
2447,0.23844,0
2448,0.23785,0
2449,0.23718,0
2450,0.23652,0
2451,0.23585,0
2452,0.23516,0
2453,0.23452,0
2454,0.23384,0
2455,0.2331,0
2456,0.23242,0
2457,0.23176,0
2458,0.23113,0
2459,0.23053,0
2460,0.22989,0
2461,0.22921,0
2462,0.22861,0
2463,0.22798,0
2464,0.22735,0
2465,0.22678,0
2466,0.22615,0
2467,0.22557,0
2468,0.22508,0
2469,0.22456,0
2470,0.22405,0
2471,0.22353,0
2472,0.223,0
2473,0.22251,0
2474,0.22209,0
2475,0.22172,0
2476,0.22126,0
2477,0.22078,0
2478,0.22032,0
2479,0.21988,0
2480,0.21951,0
2481,0.21921,0
2482,0.21894,0
2483,0.2186,0
2484,0.21831,0
2485,0.21808,0
2486,0.2178,0
2487,0.21761,0
2488,0.21748,0
2489,0.2174,0
2490,0.21732,0
2491,0.21733,0
2492,0.21727,0
2493,0.21716,0
2494,0.21708,0
2495,0.21695,0
2496,0.21692,0
2497,0.21691,0
2498,0.21693,0
2499,0.21703,0
2500,0.21707,0
