wavelength(nm),reflectance,diffuse_transmittance
350,0.06186,0
351,0.06026,0
352,0.05827,0
353,0.05718,0
354,0.05738,0
355,0.0577,0
356,0.05742,0
357,0.05665,0
358,0.05529,0
359,0.05359,0
360,0.05234,0
361,0.05377,0
362,0.05336,0
363,0.05175,0
364,0.05101,0
365,0.05074,0
366,0.05,0
367,0.04939,0
368,0.0502,0
369,0.04996,0
370,0.04936,0
371,0.0487,0
372,0.04722,0
373,0.04665,0
374,0.04698,0
375,0.04745,0
376,0.04648,0
377,0.04719,0
378,0.04887,0
379,0.0494,0
380,0.04857,0
381,0.04728,0
382,0.0466,0
383,0.04731,0
384,0.04683,0
385,0.04621,0
386,0.04617,0
387,0.04596,0
388,0.04519,0
389,0.04499,0
390,0.04599,0
391,0.04573,0
392,0.04558,0
393,0.0455,0
394,0.04482,0
395,0.0442,0
396,0.04431,0
397,0.04483,0
398,0.04445,0
399,0.04413,0
400,0.04405,0.00018
401,0.04411,0.00017
402,0.04396,0.00016
403,0.04389,0.00015
404,0.04414,0.00014
405,0.04474,0.00014
406,0.04465,0.00014
407,0.04446,0.00014
408,0.04435,0.00014
409,0.04412,0.00014
410,0.0443,0.00014
411,0.04464,0.00014
412,0.04477,0.00014
413,0.04433,0.00014
414,0.04446,0.00014
415,0.04465,0.00014
416,0.04429,0.00014
417,0.0444,0.00015
418,0.0446,0.00015
419,0.04452,0.00015
420,0.04399,0.00015
421,0.04448,0.00015
422,0.04498,0.00015
423,0.04489,0.00015
424,0.04475,0.00015
425,0.04454,0.00016
426,0.04448,0.00016
427,0.04467,0.00016
428,0.04475,0.00015
429,0.0446,0.00016
430,0.04445,0.00015
431,0.04469,0.00015
432,0.04469,0.00015
433,0.04456,0.00015
434,0.04445,0.00015
435,0.04438,0.00015
436,0.04441,0.00015
437,0.04446,0.00015
438,0.04447,0.00015
439,0.04443,0.00015
440,0.0444,0.00016
441,0.04438,0.00016
442,0.04437,0.00017
443,0.04434,0.00018
444,0.04443,0.0002
445,0.04461,0.00021
446,0.04454,0.00022
447,0.04453,0.00024
448,0.04461,0.00026
449,0.04473,0.00029
450,0.04474,0.00032
451,0.04475,0.00035
452,0.04475,0.00039
453,0.04473,0.00043
454,0.0448,0.00047
455,0.04492,0.00052
456,0.045,0.00056
457,0.04497,0.00061
458,0.04493,0.00066
459,0.04489,0.00071
460,0.04484,0.00075
461,0.0448,0.0008
462,0.04481,0.00084
463,0.04485,0.00087
464,0.04489,0.00092
465,0.04492,0.00096
466,0.04498,0.001
467,0.04502,0.00104
468,0.04489,0.00108
469,0.04483,0.00111
470,0.04485,0.00114
471,0.04491,0.00116
472,0.04483,0.00119
473,0.04482,0.00121
474,0.04487,0.00123
475,0.04485,0.00125
476,0.04493,0.00127
477,0.045,0.00129
478,0.04498,0.00132
479,0.04501,0.00135
480,0.04507,0.00138
481,0.04511,0.00142
482,0.0451,0.00148
483,0.0451,0.00154
484,0.04514,0.00162
485,0.0452,0.00171
486,0.04517,0.00182
487,0.0453,0.00195
488,0.04545,0.00211
489,0.04548,0.00231
490,0.04553,0.00253
491,0.04564,0.00278
492,0.04578,0.00307
493,0.04589,0.00341
494,0.04597,0.00379
495,0.04608,0.00422
496,0.04626,0.00472
497,0.04649,0.00528
498,0.04666,0.00592
499,0.04684,0.00663
500,0.04711,0.00745
501,0.04746,0.00835
502,0.04791,0.00935
503,0.04839,0.01046
504,0.04878,0.0117
505,0.0493,0.01305
506,0.04992,0.01454
507,0.05062,0.01618
508,0.05142,0.01795
509,0.0523,0.01989
510,0.05331,0.02198
511,0.05446,0.02425
512,0.05576,0.0267
513,0.05717,0.02934
514,0.05871,0.03212
515,0.06043,0.03509
516,0.06228,0.03819
517,0.06429,0.04142
518,0.06643,0.04477
519,0.06858,0.04821
520,0.07094,0.05173
521,0.07341,0.05529
522,0.07581,0.05891
523,0.07824,0.0625
524,0.08067,0.06604
525,0.08305,0.06949
526,0.08529,0.07285
527,0.08743,0.07609
528,0.08944,0.07918
529,0.09129,0.0821
530,0.09296,0.0849
531,0.09446,0.08753
532,0.09582,0.08999
533,0.09707,0.09229
534,0.09814,0.09443
535,0.09906,0.0964
536,0.09985,0.09823
537,0.10047,0.09992
538,0.10101,0.10151
539,0.10151,0.10298
540,0.10193,0.10427
541,0.10229,0.10561
542,0.1026,0.10684
543,0.1029,0.10802
544,0.10318,0.10916
545,0.10345,0.11032
546,0.10372,0.11145
547,0.10399,0.11258
548,0.1042,0.11365
549,0.1044,0.11475
550,0.10456,0.11567
551,0.10461,0.1165
552,0.10456,0.11716
553,0.10441,0.11773
554,0.10415,0.11811
555,0.10366,0.1183
556,0.10306,0.11818
557,0.10236,0.11796
558,0.10152,0.11743
559,0.10053,0.11668
560,0.09943,0.11583
561,0.09823,0.1148
562,0.09694,0.1136
563,0.09551,0.11226
564,0.094,0.11077
565,0.09244,0.10914
566,0.09083,0.10739
567,0.08917,0.10552
568,0.08751,0.10354
569,0.08587,0.10145
570,0.08422,0.09935
571,0.0826,0.09715
572,0.08106,0.095
573,0.07958,0.09292
574,0.07818,0.0909
575,0.07686,0.08897
576,0.07562,0.08709
577,0.07446,0.08538
578,0.07338,0.08377
579,0.07238,0.08224
580,0.07145,0.0808
581,0.07056,0.07944
582,0.06973,0.07815
583,0.06896,0.07693
584,0.06822,0.07579
585,0.06754,0.07478
586,0.06691,0.07377
587,0.06631,0.07282
588,0.06573,0.072
589,0.0652,0.07122
590,0.06474,0.0705
591,0.06436,0.06988
592,0.06398,0.06926
593,0.06362,0.06875
594,0.06331,0.06828
595,0.06305,0.06791
596,0.06278,0.0675
597,0.0625,0.06714
598,0.06223,0.06678
599,0.062,0.06637
600,0.06177,0.06596
601,0.0615,0.06547
602,0.0612,0.06495
603,0.06088,0.06432
604,0.06053,0.0636
605,0.06015,0.06282
606,0.05974,0.06194
607,0.05932,0.06095
608,0.0589,0.05989
609,0.05842,0.05877
610,0.05793,0.05763
611,0.05744,0.05648
612,0.05695,0.05532
613,0.05647,0.05411
614,0.05603,0.05292
615,0.0556,0.05178
616,0.05515,0.05068
617,0.05474,0.04965
618,0.05438,0.04866
619,0.05405,0.04779
620,0.05374,0.04703
621,0.05348,0.04634
622,0.05326,0.04579
623,0.05307,0.0453
624,0.05292,0.04488
625,0.05278,0.04458
626,0.05266,0.0443
627,0.05259,0.04412
628,0.0525,0.04401
629,0.05242,0.04386
630,0.05237,0.04374
631,0.0523,0.04356
632,0.0522,0.04329
633,0.05206,0.04294
634,0.05189,0.04244
635,0.05167,0.04179
636,0.05138,0.04101
637,0.05105,0.04003
638,0.05071,0.03892
639,0.05032,0.03766
640,0.04988,0.03631
641,0.04941,0.03488
642,0.04897,0.03341
643,0.04857,0.03191
644,0.04819,0.03042
645,0.0478,0.02899
646,0.04746,0.02763
647,0.04717,0.02636
648,0.04691,0.02521
649,0.04669,0.02419
650,0.04653,0.02329
651,0.04642,0.0225
652,0.04633,0.02179
653,0.04626,0.02109
654,0.04619,0.0204
655,0.04611,0.01966
656,0.04604,0.01886
657,0.04595,0.01796
658,0.04586,0.01698
659,0.04578,0.01594
660,0.04568,0.01486
661,0.04559,0.01375
662,0.04552,0.01267
663,0.04544,0.01164
664,0.04539,0.01068
665,0.0454,0.00981
666,0.04544,0.00904
667,0.04549,0.00837
668,0.04558,0.00781
669,0.04571,0.00735
670,0.04588,0.00699
671,0.04611,0.0067
672,0.04636,0.00649
673,0.04662,0.00635
674,0.04692,0.00626
675,0.04726,0.00622
676,0.04763,0.00624
677,0.04803,0.00631
678,0.04848,0.00646
679,0.04896,0.0067
680,0.04947,0.00706
681,0.05002,0.00759
682,0.05057,0.00835
683,0.05114,0.00937
684,0.05172,0.01078
685,0.05231,0.01264
686,0.05294,0.01507
687,0.05364,0.0182
688,0.05443,0.02214
689,0.0554,0.027
690,0.05663,0.03287
691,0.05823,0.03981
692,0.06031,0.04779
693,0.06302,0.05679
694,0.06646,0.06673
695,0.07071,0.07752
696,0.07584,0.08897
697,0.08182,0.10103
698,0.08867,0.11346
699,0.09633,0.12612
700,0.1047,0.13893
701,0.11366,0.15179
702,0.1231,0.16438
703,0.13288,0.17681
704,0.14287,0.18894
705,0.15296,0.20074
706,0.16309,0.21218
707,0.17321,0.22335
708,0.18326,0.23429
709,0.19322,0.24486
710,0.20308,0.2553
711,0.21282,0.26544
712,0.22245,0.27541
713,0.23195,0.2852
714,0.24131,0.29484
715,0.25053,0.30427
716,0.2596,0.31352
717,0.2685,0.32259
718,0.27723,0.33144
719,0.2858,0.34013
720,0.29419,0.34857
721,0.30237,0.35683
722,0.31034,0.36485
723,0.31808,0.37263
724,0.32559,0.38014
725,0.33282,0.38742
726,0.33982,0.39437
727,0.34656,0.40111
728,0.353,0.4075
729,0.35917,0.41366
730,0.36506,0.41955
731,0.3707,0.42509
732,0.37607,0.43045
733,0.38112,0.43553
734,0.38589,0.44027
735,0.39041,0.44474
736,0.39467,0.44896
737,0.39869,0.45296
738,0.40246,0.45671
739,0.40598,0.46022
740,0.40927,0.4635
741,0.41233,0.46653
742,0.41517,0.46938
743,0.41777,0.47199
744,0.42016,0.47443
745,0.42236,0.47672
746,0.42435,0.47881
747,0.42615,0.48073
748,0.42777,0.48252
749,0.42925,0.48415
750,0.43061,0.48564
751,0.43183,0.48706
752,0.43288,0.48846
753,0.43381,0.48979
754,0.43465,0.49107
755,0.43539,0.49232
756,0.43607,0.49348
757,0.43666,0.49462
758,0.43715,0.4957
759,0.43758,0.49672
760,0.43797,0.49769
761,0.4383,0.4986
762,0.43859,0.49949
763,0.4388,0.50029
764,0.43896,0.50108
765,0.4391,0.50182
766,0.43919,0.50251
767,0.43928,0.50312
768,0.43938,0.50376
769,0.43945,0.50432
770,0.43948,0.50483
771,0.43948,0.50531
772,0.43947,0.50579
773,0.43946,0.50619
774,0.43945,0.50659
775,0.43944,0.50693
776,0.4394,0.50726
777,0.43937,0.50753
778,0.43934,0.50777
779,0.43932,0.50803
780,0.4393,0.50821
781,0.43931,0.50837
782,0.4393,0.50853
783,0.43925,0.50869
784,0.43921,0.50885
785,0.4392,0.50901
786,0.43921,0.50917
787,0.43921,0.50934
788,0.43919,0.50953
789,0.43917,0.50969
790,0.43915,0.50982
791,0.43914,0.50997
792,0.43916,0.51012
793,0.43915,0.51027
794,0.43912,0.51042
795,0.43909,0.51058
796,0.43909,0.51073
797,0.43909,0.51088
798,0.43909,0.51103
799,0.43909,0.51118
800,0.43909,0.5113
801,0.43909,0.51144
802,0.43907,0.51158
803,0.43907,0.51173
804,0.43907,0.51184
805,0.43906,0.51198
806,0.43907,0.51212
807,0.43906,0.51227
808,0.43907,0.51241
809,0.43909,0.51252
810,0.43908,0.51266
811,0.43909,0.51276
812,0.4391,0.51289
813,0.43909,0.51298
814,0.43908,0.51312
815,0.43906,0.51325
816,0.43906,0.51334
817,0.43909,0.51347
818,0.43911,0.51357
819,0.43913,0.5137
820,0.43913,0.51379
821,0.43914,0.51391
822,0.43912,0.514
823,0.43912,0.51412
824,0.43914,0.51424
825,0.43915,0.51436
826,0.43917,0.51443
827,0.4392,0.51455
828,0.43922,0.51463
829,0.43924,0.51474
830,0.43924,0.51485
831,0.43925,0.51492
832,0.43928,0.51503
833,0.4393,0.5151
834,0.43933,0.51517
835,0.43936,0.51525
836,0.43939,0.51537
837,0.43944,0.51544
838,0.43949,0.51556
839,0.43953,0.51564
840,0.43956,0.51576
841,0.4396,0.51584
842,0.43964,0.51595
843,0.43963,0.51603
844,0.43965,0.51614
845,0.43968,0.51622
846,0.43971,0.51633
847,0.43974,0.51641
848,0.43978,0.51653
849,0.43983,0.5166
850,0.43989,0.51672
851,0.43993,0.51679
852,0.43996,0.51686
853,0.43999,0.51693
854,0.44001,0.51704
855,0.44005,0.51712
856,0.44007,0.51719
857,0.4401,0.51726
858,0.44013,0.51737
859,0.44014,0.51744
860,0.44015,0.51755
861,0.44017,0.51765
862,0.44019,0.51772
863,0.44022,0.51782
864,0.44024,0.51789
865,0.44025,0.51795
866,0.4403,0.51798
867,0.4403,0.51805
868,0.4403,0.51812
869,0.44032,0.51818
870,0.44035,0.51829
871,0.44036,0.51834
872,0.44036,0.51844
873,0.44038,0.51854
874,0.44043,0.5186
875,0.44044,0.5187
876,0.44043,0.51876
877,0.44043,0.51885
878,0.44044,0.51892
879,0.44042,0.51901
880,0.44039,0.51907
881,0.4404,0.51916
882,0.44042,0.51922
883,0.44045,0.51927
884,0.44047,0.51936
885,0.44047,0.51946
886,0.44051,0.51952
887,0.44053,0.51961
888,0.44051,0.51966
889,0.44051,0.51976
890,0.44052,0.51981
891,0.44052,0.5199
892,0.44053,0.51995
893,0.44056,0.52004
894,0.44054,0.5201
895,0.44051,0.52018
896,0.44048,0.52023
897,0.44048,0.52032
898,0.44047,0.52037
899,0.44045,0.52046
900,0.44043,0.52051
901,0.44047,0.52056
902,0.44046,0.52063
903,0.44043,0.52068
904,0.44041,0.52076
905,0.44043,0.52081
906,0.44046,0.52085
907,0.44047,0.52093
908,0.44044,0.52097
909,0.44044,0.52105
910,0.44043,0.5211
911,0.44044,0.52117
912,0.44047,0.52121
913,0.44044,0.52128
914,0.44042,0.52132
915,0.4404,0.52137
916,0.44035,0.52144
917,0.44033,0.52146
918,0.44033,0.52152
919,0.44032,0.52156
920,0.44031,0.52163
921,0.44029,0.52165
922,0.44026,0.52169
923,0.44023,0.52174
924,0.4402,0.52176
925,0.44019,0.52182
926,0.44016,0.52187
927,0.44011,0.52189
928,0.4401,0.52189
929,0.44008,0.52189
930,0.44003,0.52188
931,0.43995,0.52189
932,0.43985,0.52192
933,0.4398,0.52196
934,0.43974,0.522
935,0.43968,0.52203
936,0.43964,0.52197
937,0.43957,0.52193
938,0.43947,0.52192
939,0.43937,0.52196
940,0.43927,0.52195
941,0.43924,0.52191
942,0.43919,0.52194
943,0.43909,0.52192
944,0.43899,0.52192
945,0.43886,0.52185
946,0.43871,0.52179
947,0.43857,0.52171
948,0.43843,0.52164
949,0.4383,0.5215
950,0.43811,0.52131
951,0.43787,0.5212
952,0.43769,0.52115
953,0.4375,0.52105
954,0.43731,0.52089
955,0.43712,0.52075
956,0.43696,0.52064
957,0.4368,0.52053
958,0.43665,0.52049
959,0.43651,0.5204
960,0.43637,0.52028
961,0.43624,0.52023
962,0.43614,0.52024
963,0.43604,0.5203
964,0.43598,0.52032
965,0.43588,0.52033
966,0.4358,0.5203
967,0.43578,0.52033
968,0.4358,0.52036
969,0.43581,0.52036
970,0.43577,0.52035
971,0.43572,0.52035
972,0.43568,0.52042
973,0.43569,0.52049
974,0.43571,0.52056
975,0.43576,0.5206
976,0.43588,0.52065
977,0.43586,0.52071
978,0.43583,0.5208
979,0.43587,0.52091
980,0.43591,0.52098
981,0.43593,0.52109
982,0.43598,0.5212
983,0.43605,0.52127
984,0.43606,0.52135
985,0.43608,0.5214
986,0.43616,0.52145
987,0.43629,0.52146
988,0.43642,0.52147
989,0.43643,0.52152
990,0.43643,0.52162
991,0.43651,0.52172
992,0.43664,0.52183
993,0.4367,0.52196
994,0.43675,0.52208
995,0.43679,0.52222
996,0.43681,0.52237
997,0.43699,0.52251
998,0.43716,0.52265
999,0.43727,0.52276
1000,0.4373,0.52286
1001,0.43913,0.52301
1002,0.4392,0.52316
1003,0.43927,0.52326
1004,0.4393,0.52337
1005,0.43937,0.52347
1006,0.43947,0.52355
1007,0.43959,0.52366
1008,0.43968,0.52374
1009,0.43976,0.52386
1010,0.43983,0.52397
1011,0.43989,0.52413
1012,0.43996,0.52424
1013,0.44005,0.52435
1014,0.44017,0.52446
1015,0.44024,0.52453
1016,0.44029,0.52464
1017,0.44037,0.52478
1018,0.44045,0.52493
1019,0.4405,0.52505
1020,0.44059,0.52521
1021,0.44065,0.52537
1022,0.44068,0.52552
1023,0.44074,0.52563
1024,0.44082,0.52574
1025,0.44087,0.52585
1026,0.44092,0.52596
1027,0.441,0.52607
1028,0.44106,0.52622
1029,0.44111,0.5263
1030,0.44117,0.52641
1031,0.44125,0.52645
1032,0.44131,0.52653
1033,0.44136,0.52657
1034,0.44142,0.52664
1035,0.44148,0.5267
1036,0.4415,0.52677
1037,0.44152,0.52686
1038,0.44157,0.52696
1039,0.44159,0.52705
1040,0.44164,0.52714
1041,0.44173,0.52727
1042,0.44181,0.52736
1043,0.44186,0.52749
1044,0.44189,0.5276
1045,0.44192,0.52767
1046,0.44194,0.52771
1047,0.44195,0.5278
1048,0.44199,0.52789
1049,0.44207,0.52793
1050,0.44215,0.528
1051,0.44221,0.52807
1052,0.44226,0.52818
1053,0.44229,0.5283
1054,0.44232,0.52837
1055,0.44236,0.52839
1056,0.44242,0.52841
1057,0.4425,0.52847
1058,0.44252,0.52853
1059,0.44256,0.52859
1060,0.4426,0.52865
1061,0.44264,0.52872
1062,0.44267,0.52881
1063,0.44273,0.52886
1064,0.44278,0.52891
1065,0.44283,0.52892
1066,0.44288,0.52889
1067,0.44291,0.52894
1068,0.44295,0.52896
1069,0.44298,0.529
1070,0.44302,0.52908
1071,0.44309,0.52913
1072,0.44314,0.52917
1073,0.44317,0.52921
1074,0.4432,0.52929
1075,0.44322,0.52933
1076,0.44325,0.52939
1077,0.44328,0.52942
1078,0.44333,0.5295
1079,0.44336,0.52954
1080,0.44338,0.52958
1081,0.44341,0.52961
1082,0.44343,0.52963
1083,0.44343,0.52964
1084,0.44343,0.52962
1085,0.44343,0.52964
1086,0.44344,0.52967
1087,0.44346,0.52973
1088,0.44347,0.52975
1089,0.44345,0.5298
1090,0.44342,0.52985
1091,0.4434,0.52986
1092,0.44336,0.52988
1093,0.44334,0.5299
1094,0.44332,0.52988
1095,0.44331,0.52989
1096,0.44328,0.52988
1097,0.44328,0.52995
1098,0.44327,0.52998
1099,0.44323,0.52999
1100,0.4432,0.53001
1101,0.44314,0.53002
1102,0.44306,0.53002
1103,0.44301,0.53002
1104,0.44296,0.53002
1105,0.44288,0.53004
1106,0.44283,0.53009
1107,0.44281,0.53012
1108,0.44276,0.53011
1109,0.4427,0.53007
1110,0.44265,0.53001
1111,0.4426,0.52997
1112,0.44252,0.52992
1113,0.44242,0.52987
1114,0.44234,0.5299
1115,0.44226,0.52994
1116,0.44217,0.52993
1117,0.44209,0.52996
1118,0.442,0.52998
1119,0.4419,0.53001
1120,0.44179,0.53001
1121,0.44169,0.52999
1122,0.44157,0.52999
1123,0.44143,0.52999
1124,0.44129,0.53001
1125,0.44113,0.53
1126,0.44093,0.52991
1127,0.44073,0.5298
1128,0.44051,0.52968
1129,0.44025,0.5296
1130,0.43997,0.52952
1131,0.43967,0.52938
1132,0.43934,0.52919
1133,0.43899,0.52893
1134,0.43862,0.5287
1135,0.43822,0.52849
1136,0.43782,0.52829
1137,0.43738,0.52804
1138,0.43693,0.52778
1139,0.43647,0.52741
1140,0.43598,0.52695
1141,0.43547,0.52651
1142,0.43495,0.52616
1143,0.43439,0.52588
1144,0.43386,0.5255
1145,0.4333,0.52503
1146,0.43278,0.52456
1147,0.43228,0.52422
1148,0.43178,0.524
1149,0.43131,0.52382
1150,0.43086,0.52356
1151,0.43044,0.52326
1152,0.43005,0.52298
1153,0.4297,0.52267
1154,0.42938,0.52246
1155,0.42908,0.52233
1156,0.42881,0.52228
1157,0.42857,0.52218
1158,0.42836,0.52212
1159,0.42818,0.52201
1160,0.42802,0.52194
1161,0.42788,0.52182
1162,0.42775,0.52176
1163,0.42765,0.52172
1164,0.42759,0.5217
1165,0.42754,0.52177
1166,0.42749,0.52182
1167,0.42748,0.52183
1168,0.42746,0.52185
1169,0.42743,0.52184
1170,0.4274,0.52187
1171,0.42736,0.52188
1172,0.42732,0.52186
1173,0.42729,0.52184
1174,0.42727,0.52186
1175,0.42726,0.52193
1176,0.42725,0.52196
1177,0.42727,0.52195
1178,0.42726,0.52191
1179,0.42726,0.52188
1180,0.42725,0.52189
1181,0.42723,0.52195
1182,0.42722,0.52204
1183,0.42721,0.52204
1184,0.42719,0.52204
1185,0.42717,0.52195
1186,0.42714,0.52185
1187,0.42711,0.5217
1188,0.4271,0.52164
1189,0.4271,0.52161
1190,0.42711,0.52167
1191,0.42711,0.52176
1192,0.42713,0.52191
1193,0.42714,0.52204
1194,0.42716,0.52214
1195,0.42718,0.52219
1196,0.42721,0.52217
1197,0.42725,0.52212
1198,0.42729,0.52212
1199,0.42734,0.5222
1200,0.42738,0.52232
1201,0.42743,0.52243
1202,0.42749,0.52254
1203,0.42755,0.52253
1204,0.4276,0.52259
1205,0.42767,0.52265
1206,0.42774,0.52275
1207,0.42781,0.5228
1208,0.4279,0.52285
1209,0.428,0.52289
1210,0.4281,0.52297
1211,0.4282,0.52301
1212,0.4283,0.5231
1213,0.42839,0.52317
1214,0.42849,0.5232
1215,0.42859,0.52327
1216,0.42868,0.52333
1217,0.42879,0.52348
1218,0.42889,0.5236
1219,0.42899,0.52371
1220,0.42909,0.5238
1221,0.42921,0.52391
1222,0.42932,0.52399
1223,0.42943,0.52404
1224,0.42955,0.52412
1225,0.42967,0.52419
1226,0.42978,0.52427
1227,0.42989,0.52426
1228,0.43,0.52425
1229,0.43009,0.5243
1230,0.43017,0.52442
1231,0.43026,0.52449
1232,0.43035,0.52455
1233,0.43044,0.52461
1234,0.43055,0.52469
1235,0.43064,0.52476
1236,0.43073,0.52487
1237,0.43081,0.52496
1238,0.43088,0.52508
1239,0.43095,0.52514
1240,0.431,0.52517
1241,0.43108,0.52531
1242,0.43116,0.52541
1243,0.43124,0.52545
1244,0.43134,0.52546
1245,0.43141,0.52554
1246,0.43148,0.52558
1247,0.43153,0.52569
1248,0.43157,0.52577
1249,0.4316,0.52578
1250,0.43163,0.52584
1251,0.43167,0.52587
1252,0.43171,0.52588
1253,0.43175,0.52599
1254,0.43179,0.52602
1255,0.43183,0.52608
1256,0.43185,0.5261
1257,0.43185,0.52616
1258,0.43186,0.52619
1259,0.43185,0.52618
1260,0.43186,0.52624
1261,0.43189,0.52627
1262,0.4319,0.52633
1263,0.43189,0.5264
1264,0.43189,0.52648
1265,0.43189,0.52654
1266,0.43189,0.52661
1267,0.43189,0.52659
1268,0.43189,0.52658
1269,0.43188,0.52653
1270,0.43187,0.5265
1271,0.43186,0.52653
1272,0.43185,0.52655
1273,0.43184,0.52655
1274,0.43181,0.52655
1275,0.4318,0.52656
1276,0.43179,0.5266
1277,0.43177,0.52655
1278,0.43176,0.52652
1279,0.43173,0.5265
1280,0.4317,0.52646
1281,0.43167,0.5264
1282,0.43164,0.52643
1283,0.43162,0.52639
1284,0.4316,0.52637
1285,0.43156,0.52631
1286,0.43151,0.52628
1287,0.43146,0.52626
1288,0.43139,0.52623
1289,0.43133,0.5261
1290,0.43127,0.52601
1291,0.43119,0.52589
1292,0.4311,0.52582
1293,0.431,0.52574
1294,0.4309,0.52565
1295,0.43077,0.52559
1296,0.43065,0.52556
1297,0.43053,0.52547
1298,0.4304,0.52541
1299,0.43028,0.52536
1300,0.43013,0.52526
1301,0.42998,0.52515
1302,0.42981,0.52506
1303,0.42962,0.52499
1304,0.4294,0.52491
1305,0.42916,0.52476
1306,0.42892,0.52449
1307,0.42868,0.52427
1308,0.42841,0.52403
1309,0.42814,0.52376
1310,0.42785,0.52351
1311,0.42751,0.52325
1312,0.42716,0.52299
1313,0.4268,0.52276
1314,0.42643,0.5225
1315,0.42608,0.52227
1316,0.42569,0.52206
1317,0.42527,0.52182
1318,0.42484,0.52154
1319,0.42437,0.52124
1320,0.42389,0.52088
1321,0.4234,0.52053
1322,0.42291,0.52017
1323,0.4224,0.51981
1324,0.42186,0.51949
1325,0.42131,0.51917
1326,0.42075,0.51878
1327,0.42018,0.51832
1328,0.41957,0.51779
1329,0.41897,0.51735
1330,0.41835,0.51699
1331,0.41773,0.51661
1332,0.4171,0.51624
1333,0.41646,0.51581
1334,0.41581,0.51536
1335,0.41516,0.51478
1336,0.4145,0.51426
1337,0.41384,0.51376
1338,0.41317,0.51334
1339,0.4125,0.51291
1340,0.41183,0.51248
1341,0.41116,0.51208
1342,0.41049,0.5116
1343,0.40983,0.5112
1344,0.40917,0.51072
1345,0.40852,0.51019
1346,0.40786,0.50969
1347,0.40721,0.50919
1348,0.40656,0.50875
1349,0.40591,0.50835
1350,0.40526,0.50789
1351,0.40462,0.50749
1352,0.40399,0.50705
1353,0.40338,0.50665
1354,0.40274,0.5062
1355,0.40209,0.50569
1356,0.40144,0.50502
1357,0.40077,0.50437
1358,0.40009,0.50373
1359,0.39942,0.50322
1360,0.39871,0.50286
1361,0.39798,0.5025
1362,0.39721,0.50221
1363,0.39643,0.50189
1364,0.39559,0.50162
1365,0.39471,0.50125
1366,0.39375,0.50061
1367,0.39273,0.49994
1368,0.39165,0.49901
1369,0.39053,0.49801
1370,0.38929,0.49696
1371,0.38798,0.49575
1372,0.38655,0.49443
1373,0.38504,0.49317
1374,0.38338,0.49161
1375,0.38162,0.48992
1376,0.37971,0.48821
1377,0.37767,0.48614
1378,0.37546,0.48389
1379,0.37306,0.48149
1380,0.37051,0.47918
1381,0.36777,0.47656
1382,0.36486,0.47388
1383,0.36176,0.47105
1384,0.35847,0.46826
1385,0.35504,0.46503
1386,0.35142,0.46167
1387,0.34765,0.45805
1388,0.34372,0.45413
1389,0.33969,0.4504
1390,0.33548,0.44616
1391,0.33119,0.44191
1392,0.32676,0.43751
1393,0.32233,0.43308
1394,0.31778,0.42844
1395,0.31325,0.42404
1396,0.30867,0.41956
1397,0.30417,0.41507
1398,0.29965,0.41075
1399,0.29521,0.40652
1400,0.29081,0.4024
1401,0.28656,0.39836
1402,0.28238,0.3943
1403,0.27835,0.39038
1404,0.27447,0.38657
1405,0.27076,0.38299
1406,0.26719,0.37947
1407,0.26379,0.37613
1408,0.26055,0.37296
1409,0.25752,0.37002
1410,0.25465,0.36723
1411,0.25195,0.36456
1412,0.24944,0.36197
1413,0.24712,0.35959
1414,0.24496,0.35738
1415,0.24297,0.3553
1416,0.24113,0.3534
1417,0.23947,0.35167
1418,0.23792,0.35003
1419,0.2365,0.34846
1420,0.23519,0.34709
1421,0.23402,0.34583
1422,0.23294,0.34468
1423,0.23198,0.34359
1424,0.2311,0.34262
1425,0.23033,0.34171
1426,0.22963,0.34099
1427,0.22902,0.34032
1428,0.22846,0.33976
1429,0.228,0.33919
1430,0.22758,0.33871
1431,0.22723,0.33822
1432,0.22693,0.33782
1433,0.2267,0.33758
1434,0.22651,0.33744
1435,0.22637,0.3373
1436,0.22626,0.33712
1437,0.22621,0.33701
1438,0.22619,0.33698
1439,0.22621,0.33689
1440,0.22626,0.33682
1441,0.22635,0.33683
1442,0.22645,0.33695
1443,0.22659,0.3372
1444,0.22674,0.33754
1445,0.2269,0.33788
1446,0.22708,0.33817
1447,0.22727,0.33839
1448,0.22749,0.33858
1449,0.22772,0.33881
1450,0.22797,0.339
1451,0.22822,0.33911
1452,0.2285,0.33933
1453,0.2288,0.33973
1454,0.22911,0.34025
1455,0.22945,0.34074
1456,0.22981,0.34126
1457,0.23021,0.34179
1458,0.23064,0.34236
1459,0.23112,0.34298
1460,0.23164,0.34356
1461,0.23221,0.34412
1462,0.23282,0.34474
1463,0.23349,0.34548
1464,0.23421,0.34642
1465,0.23498,0.34738
1466,0.23581,0.34843
1467,0.23669,0.34951
1468,0.23761,0.35061
1469,0.23858,0.35175
1470,0.23961,0.35304
1471,0.24066,0.35433
1472,0.24176,0.35567
1473,0.24289,0.35704
1474,0.24406,0.35834
1475,0.24524,0.35981
1476,0.24647,0.36114
1477,0.24771,0.3624
1478,0.24897,0.36371
1479,0.25022,0.36506
1480,0.2515,0.36655
1481,0.25279,0.36803
1482,0.25408,0.36962
1483,0.25538,0.37118
1484,0.25669,0.37271
1485,0.25801,0.37408
1486,0.25933,0.3754
1487,0.26064,0.37682
1488,0.26195,0.37813
1489,0.26327,0.37945
1490,0.26457,0.38075
1491,0.26588,0.38223
1492,0.2672,0.38374
1493,0.26851,0.38538
1494,0.26984,0.38697
1495,0.27114,0.38855
1496,0.27243,0.39008
1497,0.27372,0.39162
1498,0.27502,0.39314
1499,0.27629,0.39448
1500,0.27757,0.39581
1501,0.27886,0.39705
1502,0.28012,0.39835
1503,0.28138,0.39978
1504,0.28263,0.40123
1505,0.28387,0.40255
1506,0.28511,0.40379
1507,0.28633,0.40509
1508,0.28754,0.40633
1509,0.28875,0.40767
1510,0.28994,0.40895
1511,0.29112,0.41018
1512,0.29229,0.41151
1513,0.29345,0.41279
1514,0.29461,0.41411
1515,0.29574,0.4154
1516,0.29686,0.4165
1517,0.29798,0.4176
1518,0.29908,0.41863
1519,0.30018,0.41972
1520,0.30127,0.42085
1521,0.30234,0.42203
1522,0.30342,0.42319
1523,0.30448,0.42437
1524,0.30552,0.4256
1525,0.30655,0.42672
1526,0.30758,0.42788
1527,0.30859,0.42904
1528,0.30958,0.43012
1529,0.31057,0.43113
1530,0.31154,0.43211
1531,0.31248,0.43309
1532,0.31343,0.43404
1533,0.31438,0.43503
1534,0.31531,0.43599
1535,0.31623,0.43688
1536,0.31713,0.43765
1537,0.31802,0.43859
1538,0.31889,0.43958
1539,0.31975,0.44061
1540,0.3206,0.44159
1541,0.32145,0.44253
1542,0.32229,0.44349
1543,0.32312,0.44448
1544,0.32394,0.44546
1545,0.32474,0.44635
1546,0.32554,0.44719
1547,0.32633,0.44801
1548,0.32711,0.44879
1549,0.32787,0.44967
1550,0.32863,0.45049
1551,0.32938,0.45123
1552,0.33012,0.4519
1553,0.33086,0.45264
1554,0.33158,0.45338
1555,0.33228,0.45411
1556,0.33298,0.45485
1557,0.33365,0.45553
1558,0.33433,0.45621
1559,0.335,0.45685
1560,0.33566,0.45757
1561,0.33632,0.4582
1562,0.33696,0.45879
1563,0.33758,0.45938
1564,0.3382,0.46
1565,0.33879,0.4607
1566,0.33938,0.46133
1567,0.33995,0.46196
1568,0.34052,0.46259
1569,0.34108,0.46319
1570,0.34164,0.46379
1571,0.3422,0.46443
1572,0.34275,0.46503
1573,0.34329,0.46564
1574,0.34383,0.46621
1575,0.34436,0.46682
1576,0.34488,0.46744
1577,0.34541,0.46798
1578,0.34593,0.46848
1579,0.34643,0.46891
1580,0.34693,0.4693
1581,0.34742,0.46972
1582,0.34791,0.47016
1583,0.34841,0.47079
1584,0.3489,0.47138
1585,0.34937,0.47196
1586,0.34984,0.47247
1587,0.3503,0.47299
1588,0.35076,0.4734
1589,0.35121,0.47382
1590,0.35165,0.4742
1591,0.35209,0.47459
1592,0.35252,0.47499
1593,0.35292,0.47551
1594,0.35334,0.47605
1595,0.35377,0.47657
1596,0.35418,0.47704
1597,0.35459,0.47744
1598,0.355,0.47775
1599,0.35538,0.47818
1600,0.35577,0.47859
1601,0.35617,0.47898
1602,0.35656,0.47934
1603,0.35695,0.47971
1604,0.35732,0.48004
1605,0.35768,0.48051
1606,0.35803,0.48087
1607,0.35835,0.48121
1608,0.35869,0.48147
1609,0.35903,0.48183
1610,0.35936,0.48215
1611,0.35969,0.48256
1612,0.36002,0.48296
1613,0.36033,0.4834
1614,0.36063,0.48375
1615,0.36092,0.48408
1616,0.36121,0.48431
1617,0.36149,0.48453
1618,0.36177,0.48477
1619,0.36206,0.48503
1620,0.36233,0.48525
1621,0.3626,0.48561
1622,0.36286,0.48594
1623,0.36311,0.48629
1624,0.36335,0.48667
1625,0.3636,0.48698
1626,0.36383,0.48721
1627,0.36406,0.48746
1628,0.36428,0.48761
1629,0.36447,0.48783
1630,0.36467,0.48799
1631,0.36487,0.48829
1632,0.36506,0.48858
1633,0.36525,0.48891
1634,0.36542,0.48917
1635,0.36556,0.48947
1636,0.36569,0.48969
1637,0.36583,0.48989
1638,0.36593,0.49007
1639,0.36602,0.49032
1640,0.3661,0.49051
1641,0.36616,0.49072
1642,0.3662,0.49088
1643,0.36625,0.49109
1644,0.36628,0.49123
1645,0.36629,0.49135
1646,0.36629,0.49134
1647,0.36628,0.49145
1648,0.36627,0.49146
1649,0.36625,0.49167
1650,0.36623,0.49181
1651,0.36621,0.49191
1652,0.36619,0.49196
1653,0.36616,0.49212
1654,0.36615,0.49218
1655,0.36616,0.49231
1656,0.36616,0.49243
1657,0.36615,0.49256
1658,0.36616,0.49262
1659,0.36619,0.49269
1660,0.36622,0.49278
1661,0.36627,0.49283
1662,0.36633,0.49276
1663,0.3664,0.49289
1664,0.36647,0.49289
1665,0.36655,0.49295
1666,0.36662,0.49295
1667,0.36668,0.49292
1668,0.36674,0.49283
1669,0.36681,0.49288
1670,0.36685,0.4929
1671,0.36687,0.49309
1672,0.36688,0.49319
1673,0.36684,0.49336
1674,0.36681,0.49343
1675,0.36677,0.49356
1676,0.36671,0.4936
1677,0.36664,0.49355
1678,0.36654,0.49346
1679,0.36642,0.49346
1680,0.3663,0.49344
1681,0.36616,0.49338
1682,0.36601,0.49328
1683,0.36586,0.49321
1684,0.36569,0.49313
1685,0.3655,0.49295
1686,0.3653,0.49279
1687,0.36508,0.49268
1688,0.36486,0.49257
1689,0.36462,0.49251
1690,0.36438,0.49243
1691,0.36414,0.49235
1692,0.36388,0.49224
1693,0.36361,0.49212
1694,0.36335,0.49191
1695,0.36308,0.49174
1696,0.3628,0.49155
1697,0.36253,0.49137
1698,0.36225,0.49119
1699,0.36196,0.49103
1700,0.36167,0.49097
1701,0.36138,0.49084
1702,0.36108,0.49068
1703,0.36079,0.49059
1704,0.3605,0.49042
1705,0.36022,0.49031
1706,0.35991,0.49014
1707,0.35959,0.48993
1708,0.35928,0.48969
1709,0.35895,0.48944
1710,0.35864,0.48912
1711,0.35834,0.48895
1712,0.35804,0.48882
1713,0.35774,0.48863
1714,0.35744,0.48847
1715,0.35712,0.48835
1716,0.35678,0.48826
1717,0.35643,0.48803
1718,0.35609,0.48772
1719,0.35576,0.48752
1720,0.35545,0.4873
1721,0.35515,0.48717
1722,0.35484,0.48705
1723,0.35453,0.48686
1724,0.35421,0.48663
1725,0.35389,0.48632
1726,0.35358,0.48595
1727,0.35329,0.48567
1728,0.35302,0.4854
1729,0.35276,0.48513
1730,0.3525,0.48489
1731,0.35224,0.48485
1732,0.35197,0.48473
1733,0.35171,0.48453
1734,0.35145,0.48427
1735,0.3512,0.48404
1736,0.35094,0.48386
1737,0.35066,0.4836
1738,0.35036,0.48335
1739,0.35005,0.4832
1740,0.34971,0.48301
1741,0.34936,0.48278
1742,0.34898,0.4825
1743,0.34859,0.48209
1744,0.34819,0.48166
1745,0.34777,0.48122
1746,0.34735,0.4808
1747,0.34692,0.48029
1748,0.3465,0.47975
1749,0.34604,0.47926
1750,0.34555,0.47882
1751,0.34507,0.47836
1752,0.34456,0.47788
1753,0.34406,0.47736
1754,0.34356,0.47673
1755,0.34307,0.47607
1756,0.34258,0.47552
1757,0.34208,0.47507
1758,0.34158,0.47473
1759,0.34108,0.47444
1760,0.3406,0.47408
1761,0.34015,0.47369
1762,0.3397,0.47327
1763,0.33925,0.4727
1764,0.33881,0.472
1765,0.33838,0.47137
1766,0.33796,0.47083
1767,0.33758,0.47047
1768,0.33718,0.47037
1769,0.3368,0.47053
1770,0.33643,0.47079
1771,0.33607,0.47118
1772,0.33574,0.47141
1773,0.33542,0.47142
1774,0.33511,0.47129
1775,0.33481,0.4709
1776,0.33453,0.4704
1777,0.33425,0.46981
1778,0.33398,0.46917
1779,0.33373,0.46861
1780,0.33348,0.46829
1781,0.33323,0.46828
1782,0.33302,0.4686
1783,0.3328,0.46904
1784,0.3326,0.46953
1785,0.33241,0.4699
1786,0.33223,0.47007
1787,0.33205,0.46996
1788,0.33189,0.46958
1789,0.33174,0.46908
1790,0.3316,0.46857
1791,0.33148,0.46813
1792,0.33136,0.46789
1793,0.33125,0.46783
1794,0.33115,0.46796
1795,0.33108,0.4681
1796,0.33102,0.46822
1797,0.33096,0.46844
1798,0.3309,0.4686
1799,0.33082,0.46861
1800,0.33076,0.46854
1801,0.33137,0.4686
1802,0.33138,0.46865
1803,0.3314,0.46855
1804,0.33143,0.4684
1805,0.33145,0.46827
1806,0.33146,0.46818
1807,0.33149,0.46814
1808,0.33153,0.46821
1809,0.33155,0.46838
1810,0.33158,0.46857
1811,0.3316,0.46863
1812,0.3316,0.46868
1813,0.33157,0.46859
1814,0.33156,0.46842
1815,0.33155,0.46818
1816,0.33153,0.46784
1817,0.33151,0.46746
1818,0.33147,0.46719
1819,0.33142,0.46699
1820,0.33136,0.46699
1821,0.3313,0.46709
1822,0.33122,0.46728
1823,0.33114,0.46747
1824,0.33103,0.46751
1825,0.33092,0.46763
1826,0.33081,0.46768
1827,0.33066,0.46763
1828,0.33051,0.46756
1829,0.33034,0.4674
1830,0.33014,0.46723
1831,0.32992,0.46712
1832,0.3297,0.46692
1833,0.32945,0.46674
1834,0.32915,0.46644
1835,0.32883,0.466
1836,0.32846,0.46553
1837,0.32805,0.46499
1838,0.3276,0.46448
1839,0.32712,0.46396
1840,0.32658,0.46346
1841,0.32599,0.46311
1842,0.32536,0.46281
1843,0.32471,0.46243
1844,0.32399,0.46198
1845,0.32318,0.46131
1846,0.32232,0.46043
1847,0.32136,0.45955
1848,0.32031,0.45843
1849,0.31918,0.45726
1850,0.31798,0.45604
1851,0.31667,0.45471
1852,0.31526,0.45301
1853,0.31375,0.45131
1854,0.3121,0.44939
1855,0.31033,0.44715
1856,0.30844,0.44465
1857,0.3064,0.4421
1858,0.30421,0.43944
1859,0.30188,0.43684
1860,0.29939,0.4342
1861,0.29675,0.43146
1862,0.29395,0.42814
1863,0.29094,0.42464
1864,0.28776,0.42086
1865,0.2844,0.41689
1866,0.2808,0.41259
1867,0.27697,0.4079
1868,0.2729,0.40293
1869,0.26861,0.39806
1870,0.26408,0.39262
1871,0.25929,0.387
1872,0.25426,0.38123
1873,0.24906,0.37507
1874,0.24365,0.36867
1875,0.23807,0.36186
1876,0.23231,0.3549
1877,0.22639,0.34735
1878,0.22035,0.33986
1879,0.21417,0.33211
1880,0.20793,0.32409
1881,0.20156,0.3157
1882,0.19524,0.3073
1883,0.18881,0.29806
1884,0.18235,0.28919
1885,0.1759,0.28047
1886,0.16947,0.27176
1887,0.16313,0.26278
1888,0.15689,0.25346
1889,0.1508,0.24469
1890,0.14491,0.23621
1891,0.13922,0.22791
1892,0.13376,0.21968
1893,0.12849,0.21126
1894,0.12354,0.20357
1895,0.11883,0.19634
1896,0.11443,0.18945
1897,0.11029,0.18299
1898,0.10645,0.17611
1899,0.10291,0.17063
1900,0.09964,0.16567
1901,0.09663,0.16105
1902,0.09391,0.15648
1903,0.09141,0.15282
1904,0.08917,0.14958
1905,0.08715,0.14676
1906,0.08533,0.14364
1907,0.08371,0.1413
1908,0.08229,0.13905
1909,0.08102,0.13708
1910,0.07989,0.1349
1911,0.07891,0.13325
1912,0.07804,0.13168
1913,0.07728,0.13021
1914,0.07661,0.12861
1915,0.07605,0.12746
1916,0.07556,0.12636
1917,0.07516,0.12547
1918,0.07482,0.12455
1919,0.07455,0.12404
1920,0.07434,0.1237
1921,0.07419,0.12326
1922,0.07408,0.12305
1923,0.07403,0.12293
1924,0.07402,0.1227
1925,0.07406,0.12282
1926,0.07414,0.12282
1927,0.07425,0.12302
1928,0.07441,0.12322
1929,0.07461,0.12356
1930,0.07484,0.12389
1931,0.07511,0.12443
1932,0.07542,0.12486
1933,0.07576,0.12539
1934,0.07612,0.12616
1935,0.07651,0.12682
1936,0.07692,0.12761
1937,0.07737,0.12859
1938,0.07785,0.12938
1939,0.07835,0.1303
1940,0.07889,0.13142
1941,0.07944,0.13244
1942,0.08002,0.1335
1943,0.08061,0.13489
1944,0.08122,0.13606
1945,0.08186,0.13725
1946,0.08252,0.13869
1947,0.08319,0.14003
1948,0.08389,0.14109
1949,0.08461,0.14284
1950,0.08535,0.14409
1951,0.08611,0.14598
1952,0.08688,0.14726
1953,0.08766,0.14866
1954,0.08846,0.15048
1955,0.08927,0.15204
1956,0.0901,0.15335
1957,0.09096,0.15538
1958,0.09182,0.15687
1959,0.0927,0.1588
1960,0.0936,0.16043
1961,0.09449,0.16182
1962,0.09541,0.16408
1963,0.09633,0.16551
1964,0.09727,0.16768
1965,0.09823,0.16928
1966,0.0992,0.17089
1967,0.10018,0.17302
1968,0.10117,0.17476
1969,0.10216,0.17688
1970,0.10316,0.17842
1971,0.10418,0.18098
1972,0.1052,0.18247
1973,0.10624,0.18386
1974,0.10728,0.18639
1975,0.10833,0.18806
1976,0.1094,0.19024
1977,0.11047,0.19186
1978,0.11155,0.19433
1979,0.11263,0.19598
1980,0.11373,0.19826
1981,0.11482,0.19992
1982,0.11593,0.20149
1983,0.11705,0.20405
1984,0.11816,0.20565
1985,0.11929,0.20803
1986,0.12042,0.20967
1987,0.12155,0.21188
1988,0.12268,0.21344
1989,0.12383,0.21572
1990,0.12497,0.21749
1991,0.12612,0.21961
1992,0.12727,0.22123
1993,0.12841,0.22339
1994,0.12956,0.22505
1995,0.13069,0.2272
1996,0.13183,0.22873
1997,0.13297,0.23092
1998,0.1341,0.23238
1999,0.13523,0.23467
2000,0.13637,0.23616
2001,0.13749,0.2376
2002,0.13862,0.23971
2003,0.13974,0.24193
2004,0.14085,0.24328
2005,0.14196,0.24545
2006,0.14305,0.24693
2007,0.14413,0.24893
2008,0.14521,0.25033
2009,0.14628,0.25235
2010,0.14736,0.25362
2011,0.14843,0.25563
2012,0.14948,0.25699
2013,0.15052,0.25899
2014,0.15156,0.26031
2015,0.15258,0.26229
2016,0.1536,0.26362
2017,0.15462,0.26551
2018,0.15562,0.26659
2019,0.15661,0.26839
2020,0.15758,0.26969
2021,0.15853,0.27151
2022,0.15946,0.27329
2023,0.1604,0.27436
2024,0.16132,0.27619
2025,0.16224,0.27736
2026,0.16314,0.2791
2027,0.16403,0.28012
2028,0.1649,0.2818
2029,0.16575,0.28349
2030,0.16659,0.28461
2031,0.16743,0.28602
2032,0.16825,0.28717
2033,0.16906,0.28875
2034,0.16985,0.28976
2035,0.17063,0.29136
2036,0.17139,0.29294
2037,0.17214,0.29382
2038,0.17287,0.29545
2039,0.1736,0.29633
2040,0.17431,0.29781
2041,0.17501,0.29932
2042,0.17571,0.30016
2043,0.17641,0.30166
2044,0.17709,0.3025
2045,0.17777,0.3039
2046,0.17843,0.30531
2047,0.17907,0.3062
2048,0.17972,0.3076
2049,0.18037,0.30846
2050,0.18102,0.30982
2051,0.18167,0.31113
2052,0.18232,0.31202
2053,0.18297,0.31334
2054,0.18362,0.31473
2055,0.18427,0.31552
2056,0.18492,0.31695
2057,0.18558,0.3178
2058,0.18623,0.3192
2059,0.18689,0.32056
2060,0.18756,0.32146
2061,0.18823,0.32288
2062,0.18889,0.32419
2063,0.18956,0.32526
2064,0.19023,0.32655
2065,0.1909,0.32801
2066,0.19156,0.32881
2067,0.19223,0.33015
2068,0.19288,0.3315
2069,0.19353,0.3324
2070,0.19418,0.33365
2071,0.19484,0.33506
2072,0.19548,0.33582
2073,0.19612,0.33713
2074,0.19675,0.33844
2075,0.19737,0.33932
2076,0.19799,0.34047
2077,0.19861,0.34181
2078,0.19923,0.34267
2079,0.19985,0.34385
2080,0.20045,0.34498
2081,0.20105,0.34575
2082,0.20165,0.34704
2083,0.20224,0.34824
2084,0.20283,0.34895
2085,0.20342,0.35006
2086,0.20401,0.35128
2087,0.20458,0.35237
2088,0.20514,0.35321
2089,0.20571,0.35433
2090,0.20627,0.35542
2091,0.20682,0.35621
2092,0.20739,0.35713
2093,0.20793,0.35844
2094,0.20847,0.35941
2095,0.20901,0.36016
2096,0.20954,0.3611
2097,0.21007,0.36219
2098,0.21059,0.36298
2099,0.21111,0.36397
2100,0.21163,0.36496
2101,0.21214,0.36604
2102,0.21264,0.36669
2103,0.21315,0.36783
2104,0.21364,0.36878
2105,0.21413,0.36977
2106,0.21461,0.3704
2107,0.21508,0.37132
2108,0.21554,0.37228
2109,0.21598,0.37319
2110,0.21642,0.37381
2111,0.21685,0.37469
2112,0.21727,0.37552
2113,0.21769,0.3765
2114,0.21809,0.37701
2115,0.21849,0.37779
2116,0.21888,0.3786
2117,0.21926,0.3795
2118,0.21964,0.38012
2119,0.22001,0.38095
2120,0.22037,0.38182
2121,0.2207,0.38278
2122,0.22104,0.38352
2123,0.22137,0.38418
2124,0.2217,0.38499
2125,0.22204,0.38577
2126,0.22239,0.3865
2127,0.22273,0.38703
2128,0.22308,0.38777
2129,0.22342,0.38852
2130,0.22376,0.38925
2131,0.2241,0.38994
2132,0.22442,0.39042
2133,0.22475,0.39118
2134,0.2251,0.39176
2135,0.22544,0.39239
2136,0.2258,0.39304
2137,0.22617,0.39344
2138,0.22651,0.39405
2139,0.22686,0.39459
2140,0.2272,0.39509
2141,0.22753,0.39573
2142,0.22787,0.39625
2143,0.22821,0.39669
2144,0.22855,0.3972
2145,0.22889,0.39779
2146,0.22922,0.39836
2147,0.22955,0.39892
2148,0.22987,0.39933
2149,0.23017,0.39976
2150,0.23047,0.40034
2151,0.23077,0.40088
2152,0.23106,0.40136
2153,0.23133,0.40194
2154,0.2316,0.40232
2155,0.23186,0.40273
2156,0.23211,0.40331
2157,0.23235,0.40371
2158,0.23258,0.40422
2159,0.23281,0.40466
2160,0.23302,0.40514
2161,0.23323,0.40539
2162,0.23343,0.40585
2163,0.23363,0.40634
2164,0.23383,0.40677
2165,0.23403,0.40711
2166,0.23422,0.40752
2167,0.23442,0.40795
2168,0.23461,0.40836
2169,0.23482,0.40865
2170,0.23505,0.40903
2171,0.23527,0.40942
2172,0.2355,0.40984
2173,0.23573,0.41024
2174,0.23595,0.41073
2175,0.23619,0.41104
2176,0.23644,0.41146
2177,0.23668,0.41184
2178,0.23692,0.41229
2179,0.23717,0.41282
2180,0.2374,0.41326
2181,0.23765,0.41364
2182,0.23788,0.41412
2183,0.2381,0.41451
2184,0.23835,0.4149
2185,0.23861,0.4154
2186,0.23887,0.41578
2187,0.23915,0.41615
2188,0.2394,0.41662
2189,0.23963,0.41698
2190,0.23988,0.41726
2191,0.24012,0.41766
2192,0.24036,0.41797
2193,0.2406,0.41828
2194,0.24084,0.41839
2195,0.24109,0.41859
2196,0.24132,0.41882
2197,0.24156,0.4191
2198,0.24177,0.41935
2199,0.24196,0.41947
2200,0.24215,0.41971
2201,0.24234,0.41995
2202,0.24251,0.42013
2203,0.24268,0.42038
2204,0.24285,0.42049
2205,0.24302,0.42071
2206,0.24318,0.42082
2207,0.24333,0.42107
2208,0.24349,0.42136
2209,0.24363,0.42162
2210,0.24376,0.4219
2211,0.24388,0.42214
2212,0.24399,0.42228
2213,0.24408,0.42248
2214,0.24416,0.42258
2215,0.24423,0.42269
2216,0.24426,0.42269
2217,0.2443,0.42269
2218,0.24434,0.42277
2219,0.24436,0.42282
2220,0.24438,0.42294
2221,0.24437,0.42297
2222,0.24435,0.42307
2223,0.24429,0.42302
2224,0.24419,0.42298
2225,0.24407,0.42295
2226,0.24392,0.42277
2227,0.24374,0.42259
2228,0.24356,0.42252
2229,0.24336,0.42228
2230,0.24313,0.422
2231,0.24289,0.42186
2232,0.2426,0.42159
2233,0.24227,0.42129
2234,0.24194,0.42108
2235,0.24156,0.42075
2236,0.24116,0.42035
2237,0.24076,0.41986
2238,0.24033,0.4195
2239,0.23988,0.41899
2240,0.23941,0.41842
2241,0.23893,0.41785
2242,0.23841,0.41729
2243,0.23788,0.41668
2244,0.23733,0.41604
2245,0.23676,0.41539
2246,0.23619,0.41466
2247,0.23561,0.414
2248,0.23503,0.41339
2249,0.23445,0.4127
2250,0.23386,0.41202
2251,0.23327,0.41134
2252,0.23267,0.41069
2253,0.23208,0.40973
2254,0.23147,0.40907
2255,0.23086,0.40825
2256,0.23026,0.40753
2257,0.22966,0.40686
2258,0.22905,0.40627
2259,0.22847,0.40555
2260,0.22789,0.40484
2261,0.22731,0.40399
2262,0.22674,0.40334
2263,0.22616,0.40262
2264,0.22557,0.40177
2265,0.22499,0.40104
2266,0.22442,0.40035
2267,0.22385,0.39964
2268,0.22331,0.39895
2269,0.22278,0.39823
2270,0.22227,0.39753
2271,0.22176,0.39695
2272,0.22126,0.39633
2273,0.22077,0.39577
2274,0.22027,0.39485
2275,0.21979,0.39427
2276,0.21932,0.39355
2277,0.21885,0.39299
2278,0.2184,0.39236
2279,0.21794,0.39174
2280,0.21747,0.39122
2281,0.217,0.39062
2282,0.21652,0.38991
2283,0.21604,0.38934
2284,0.21557,0.38859
2285,0.21508,0.38788
2286,0.2146,0.3872
2287,0.2141,0.38616
2288,0.21358,0.38548
2289,0.21304,0.38473
2290,0.21248,0.38386
2291,0.21191,0.38323
2292,0.21134,0.3824
2293,0.21075,0.3818
2294,0.21013,0.38106
2295,0.20951,0.38041
2296,0.20887,0.37965
2297,0.20822,0.3791
2298,0.20755,0.37793
2299,0.2069,0.37741
2300,0.20622,0.37664
2301,0.20555,0.37602
2302,0.20488,0.37521
2303,0.20422,0.37474
2304,0.20354,0.37405
2305,0.20289,0.37361
2306,0.20226,0.37236
2307,0.20167,0.37191
2308,0.2011,0.37137
2309,0.20057,0.3708
2310,0.20005,0.37025
2311,0.19955,0.36987
2312,0.19908,0.36922
2313,0.19865,0.36888
2314,0.19826,0.36776
2315,0.19789,0.36753
2316,0.19753,0.36695
2317,0.19717,0.36651
2318,0.19677,0.36598
2319,0.19639,0.36558
2320,0.19601,0.36499
2321,0.19559,0.36458
2322,0.1952,0.36337
2323,0.19478,0.3629
2324,0.19433,0.36229
2325,0.19386,0.36161
2326,0.19337,0.36105
2327,0.19285,0.36058
2328,0.19232,0.35913
2329,0.19177,0.35864
2330,0.19123,0.35794
2331,0.19067,0.35728
2332,0.19011,0.35655
2333,0.18954,0.35572
2334,0.18896,0.35507
2335,0.18835,0.35367
2336,0.18777,0.35302
2337,0.1872,0.35223
2338,0.18663,0.35148
2339,0.18609,0.35079
2340,0.18553,0.34928
2341,0.18495,0.34874
2342,0.1844,0.34787
2343,0.18385,0.3472
2344,0.1833,0.34641
2345,0.18276,0.34577
2346,0.18224,0.34451
2347,0.18172,0.34393
2348,0.18122,0.34325
2349,0.18076,0.34268
2350,0.18029,0.34209
2351,0.17984,0.34073
2352,0.17939,0.34033
2353,0.17896,0.33964
2354,0.17852,0.3389
2355,0.17811,0.33829
2356,0.17767,0.33781
2357,0.17724,0.33641
2358,0.17679,0.33591
2359,0.17635,0.33537
2360,0.17588,0.33467
2361,0.17542,0.33415
2362,0.17494,0.33262
2363,0.17442,0.33214
2364,0.1739,0.33156
2365,0.17337,0.33104
2366,0.17282,0.3296
2367,0.17228,0.32908
2368,0.17176,0.32832
2369,0.17121,0.32752
2370,0.17065,0.32693
2371,0.17006,0.32548
2372,0.16948,0.32484
2373,0.16887,0.32403
2374,0.16824,0.32352
2375,0.16763,0.32189
2376,0.16703,0.3215
2377,0.1664,0.3207
2378,0.16578,0.31977
2379,0.16513,0.31932
2380,0.16446,0.31771
2381,0.16378,0.31709
2382,0.1631,0.31619
2383,0.16243,0.31547
2384,0.16178,0.31395
2385,0.16113,0.31319
2386,0.16047,0.31245
2387,0.15983,0.31181
2388,0.15918,0.31027
2389,0.15851,0.30949
2390,0.15785,0.30871
2391,0.1572,0.30795
2392,0.15653,0.30634
2393,0.15588,0.30557
2394,0.15523,0.3047
2395,0.15456,0.30399
2396,0.15388,0.30252
2397,0.15319,0.30175
2398,0.15254,0.30096
2399,0.15189,0.30023
2400,0.15125,0.29866
2401,0.15064,0.29799
2402,0.14996,0.29702
2403,0.1492,0.29646
2404,0.14849,0.29458
2405,0.14777,0.29388
2406,0.14701,0.29315
2407,0.1463,0.29144
2408,0.14558,0.29069
2409,0.14479,0.28982
2410,0.14405,0.28906
2411,0.14336,0.28755
2412,0.14261,0.28657
2413,0.14185,0.28562
2414,0.14113,0.2839
2415,0.14039,0.28306
2416,0.13966,0.28205
2417,0.13896,0.2811
2418,0.13818,0.27934
2419,0.1374,0.27841
2420,0.13666,0.27743
2421,0.13587,0.27559
2422,0.13512,0.27463
2423,0.13437,0.2736
2424,0.13358,0.27273
2425,0.13282,0.27072
2426,0.13205,0.2699
2427,0.13127,0.26887
2428,0.13048,0.26712
2429,0.1297,0.2661
2430,0.12893,0.26499
2431,0.12821,0.26312
2432,0.12746,0.26219
2433,0.12667,0.26115
2434,0.12589,0.26029
2435,0.12509,0.25832
2436,0.12433,0.25729
2437,0.12357,0.25624
2438,0.12281,0.25442
2439,0.12212,0.25334
2440,0.1214,0.25247
2441,0.12063,0.25045
2442,0.11984,0.24954
2443,0.11908,0.24849
2444,0.11828,0.24645
2445,0.11755,0.24532
2446,0.11682,0.24428
2447,0.11612,0.24231
2448,0.11536,0.24122
2449,0.11458,0.24021
2450,0.11388,0.23816
2451,0.11314,0.23705
2452,0.11243,0.23609
2453,0.11177,0.23385
2454,0.11105,0.23289
2455,0.11033,0.23188
2456,0.10963,0.22973
2457,0.10893,0.22876
2458,0.10823,0.22781
2459,0.10759,0.22574
2460,0.10694,0.22473
2461,0.10631,0.22366
2462,0.10564,0.22163
2463,0.10494,0.2208
2464,0.10423,0.2199
2465,0.10347,0.21809
2466,0.10282,0.21703
2467,0.10227,0.21519
2468,0.10169,0.21418
2469,0.10116,0.21333
2470,0.10064,0.21144
2471,0.10004,0.21069
2472,0.09949,0.20981
2473,0.09896,0.20791
2474,0.09838,0.20707
2475,0.09782,0.20625
2476,0.09726,0.20469
2477,0.09668,0.20385
2478,0.09613,0.20229
2479,0.09563,0.20126
2480,0.09513,0.2005
2481,0.09466,0.19911
2482,0.0942,0.19843
2483,0.09377,0.19807
2484,0.09334,0.19668
2485,0.09292,0.19559
2486,0.09258,0.19327
2487,0.09218,0.19291
2488,0.09178,0.1921
2489,0.09144,0.19008
2490,0.09105,0.18952
2491,0.09063,0.18867
2492,0.09028,0.18741
2493,0.08992,0.18672
2494,0.08957,0.18566
2495,0.08929,0.18522
2496,0.08898,0.18484
2497,0.08863,0.18375
2498,0.08834,0.18334
2499,0.08811,0.18225
2500,0.08786,0.18197
