wavelength(nm),reflectance,diffuse_transmittancee
350,0.10418,0
351,0.10302,0
352,0.1015,0
353,0.10214,0
354,0.10131,0
355,0.10024,0
356,0.09921,0
357,0.09677,0
358,0.09752,0
359,0.09783,0
360,0.09558,0
361,0.09578,0
362,0.09431,0
363,0.09273,0
364,0.09344,0
365,0.09325,0
366,0.09331,0
367,0.09388,0
368,0.09446,0
369,0.09502,0
370,0.09514,0
371,0.09486,0
372,0.0949,0
373,0.09511,0
374,0.09507,0
375,0.09459,0
376,0.09416,0
377,0.09357,0
378,0.09355,0
379,0.09462,0
380,0.0943,0
381,0.09421,0
382,0.09478,0
383,0.09519,0
384,0.09435,0
385,0.09434,0
386,0.09549,0
387,0.09456,0
388,0.09432,0
389,0.0945,0
390,0.09434,0
391,0.09421,0
392,0.09414,0
393,0.09463,0
394,0.09595,0
395,0.09542,0
396,0.09515,0
397,0.0955,0
398,0.0945,0
399,0.09389,0
400,0.09403,0
401,0.09452,0
402,0.09394,0
403,0.09371,0
404,0.09407,0
405,0.09456,0
406,0.09386,0
407,0.09357,0
408,0.09387,0
409,0.09365,0
410,0.09325,0
411,0.09314,0
412,0.09346,0
413,0.09374,0
414,0.09378,0
415,0.09372,0
416,0.09363,0
417,0.09271,0
418,0.09285,0
419,0.09369,0
420,0.09349,0
421,0.09321,0
422,0.09344,0
423,0.09401,0
424,0.09368,0
425,0.09361,0
426,0.09375,0
427,0.09381,0
428,0.09381,0
429,0.09404,0
430,0.09429,0
431,0.09416,0
432,0.09419,0
433,0.09425,0
434,0.09432,0
435,0.09451,0
436,0.09466,0
437,0.09473,0
438,0.09475,0
439,0.09483,0
440,0.0951,0
441,0.09545,0
442,0.09562,0
443,0.09592,0
444,0.09626,0
445,0.09656,0
446,0.09671,0
447,0.09707,0
448,0.09748,0
449,0.09772,0
450,0.09792,0
451,0.09833,0
452,0.09881,0
453,0.09901,0
454,0.09932,0
455,0.09964,0
456,0.09992,0
457,0.10024,0
458,0.10053,0
459,0.10079,0
460,0.10103,0
461,0.10119,0
462,0.10158,0
463,0.10209,0
464,0.10235,0
465,0.10261,0
466,0.10296,0
467,0.10333,0
468,0.10348,0
469,0.10383,0
470,0.10425,0
471,0.10449,0
472,0.10485,0
473,0.1052,0
474,0.10552,0
475,0.10585,0
476,0.10616,0
477,0.10646,0
478,0.1068,0
479,0.1072,0
480,0.10763,0
481,0.10803,0
482,0.1084,0
483,0.10874,0
484,0.10919,0
485,0.10968,0
486,0.10998,0
487,0.1104,0
488,0.1109,0
489,0.11138,0
490,0.11183,0
491,0.11247,0
492,0.11315,0
493,0.11366,0
494,0.11427,0
495,0.11499,0
496,0.11576,0
497,0.11645,0
498,0.11729,0
499,0.11819,0
500,0.11902,0
501,0.11994,0
502,0.12088,0
503,0.12183,0
504,0.12285,0
505,0.12397,0
506,0.1251,0
507,0.12623,0
508,0.12755,0
509,0.1288,0
510,0.13,0
511,0.13122,0
512,0.13256,0
513,0.13397,0
514,0.13541,0
515,0.13683,0
516,0.13831,0
517,0.13978,0
518,0.14122,0
519,0.14272,0
520,0.14426,0
521,0.14583,0
522,0.14738,0
523,0.14896,0
524,0.15055,0
525,0.15213,0
526,0.15371,0
527,0.15533,0
528,0.15693,0
529,0.15845,0
530,0.16005,0
531,0.16163,0
532,0.16314,0
533,0.16465,0
534,0.16611,0
535,0.16755,0
536,0.16895,0
537,0.17029,0
538,0.1716,0
539,0.17285,0
540,0.17404,0
541,0.17527,0
542,0.17646,0
543,0.17755,0
544,0.17861,0
545,0.17966,0
546,0.18068,0
547,0.18166,0
548,0.18257,0
549,0.18352,0
550,0.18443,0
551,0.1852,0
552,0.18602,0
553,0.18683,0
554,0.18757,0
555,0.18822,0
556,0.18887,0
557,0.18949,0
558,0.19006,0
559,0.19056,0
560,0.19103,0
561,0.19145,0
562,0.19175,0
563,0.19201,0
564,0.19223,0
565,0.1924,0
566,0.19252,0
567,0.19257,0
568,0.19259,0
569,0.1926,0
570,0.19263,0
571,0.19266,0
572,0.19267,0
573,0.19268,0
574,0.19268,0
575,0.19271,0
576,0.19278,0
577,0.19284,0
578,0.1929,0
579,0.19297,0
580,0.19308,0
581,0.19315,0
582,0.19322,0
583,0.19331,0
584,0.19342,0
585,0.19349,0
586,0.19357,0
587,0.19371,0
588,0.19382,0
589,0.19392,0
590,0.19406,0
591,0.19422,0
592,0.1944,0
593,0.19462,0
594,0.19489,0
595,0.19513,0
596,0.19539,0
597,0.19568,0
598,0.196,0
599,0.1963,0
600,0.19659,0
601,0.19689,0
602,0.19712,0
603,0.19736,0
604,0.1976,0
605,0.19785,0
606,0.19802,0
607,0.19819,0
608,0.19837,0
609,0.19849,0
610,0.19862,0
611,0.19875,0
612,0.19885,0
613,0.19891,0
614,0.19898,0
615,0.19904,0
616,0.19907,0
617,0.19912,0
618,0.1992,0
619,0.1993,0
620,0.19943,0
621,0.19963,0
622,0.19989,0
623,0.20022,0
624,0.20052,0
625,0.20085,0
626,0.20122,0
627,0.20161,0
628,0.20197,0
629,0.20233,0
630,0.20267,0
631,0.20295,0
632,0.20314,0
633,0.20322,0
634,0.20318,0
635,0.20295,0
636,0.20254,0
637,0.20195,0
638,0.20116,0
639,0.2002,0
640,0.1991,0
641,0.19789,0
642,0.19659,0
643,0.19525,0
644,0.1939,0
645,0.19253,0
646,0.1912,0
647,0.19002,0
648,0.18905,0
649,0.18832,0
650,0.18785,0
651,0.18766,0
652,0.18774,0
653,0.18804,0
654,0.18845,0
655,0.18885,0
656,0.18911,0
657,0.18916,0
658,0.18896,0
659,0.18851,0
660,0.18777,0
661,0.1868,0
662,0.18568,0
663,0.18446,0
664,0.18316,0
665,0.18188,0
666,0.1807,0
667,0.17961,0
668,0.17867,0
669,0.17791,0
670,0.17738,0
671,0.17705,0
672,0.17692,0
673,0.177,0
674,0.1773,0
675,0.17774,0
676,0.1783,0
677,0.17899,0
678,0.17971,0
679,0.18055,0
680,0.18161,0
681,0.18297,0
682,0.1847,0
683,0.18697,0
684,0.18989,0
685,0.19352,0
686,0.19798,0
687,0.20329,0
688,0.2094,0
689,0.21624,0
690,0.22369,0
691,0.23158,0
692,0.23966,0
693,0.2478,0
694,0.25581,0
695,0.26353,0
696,0.27092,0
697,0.27794,0
698,0.28454,0
699,0.29072,0
700,0.29649,0
701,0.3019,0
702,0.30698,0
703,0.31169,0
704,0.31612,0
705,0.32027,0
706,0.32419,0
707,0.32792,0
708,0.33146,0
709,0.33486,0
710,0.3382,0
711,0.34141,0
712,0.34453,0
713,0.34759,0
714,0.35059,0
715,0.35352,0
716,0.35641,0
717,0.35924,0
718,0.36201,0
719,0.3647,0
720,0.36734,0
721,0.36999,0
722,0.37253,0
723,0.375,0
724,0.37745,0
725,0.37987,0
726,0.38225,0
727,0.38454,0
728,0.38674,0
729,0.38894,0
730,0.39104,0
731,0.39308,0
732,0.39512,0
733,0.39706,0
734,0.39897,0
735,0.40086,0
736,0.40267,0
737,0.40441,0
738,0.4061,0
739,0.40778,0
740,0.4094,0
741,0.41099,0
742,0.41254,0
743,0.41402,0
744,0.41548,0
745,0.41689,0
746,0.41825,0
747,0.41964,0
748,0.42095,0
749,0.42219,0
750,0.42344,0
751,0.42473,0
752,0.42599,0
753,0.4272,0
754,0.42836,0
755,0.42953,0
756,0.43067,0
757,0.43181,0
758,0.43295,0
759,0.43407,0
760,0.43519,0
761,0.43632,0
762,0.43741,0
763,0.43852,0
764,0.43963,0
765,0.4407,0
766,0.44175,0
767,0.44281,0
768,0.44388,0
769,0.44494,0
770,0.44601,0
771,0.44707,0
772,0.44814,0
773,0.44921,0
774,0.45029,0
775,0.45138,0
776,0.45245,0
777,0.45348,0
778,0.4545,0
779,0.45555,0
780,0.4566,0
781,0.45766,0
782,0.45873,0
783,0.45979,0
784,0.46083,0
785,0.46189,0
786,0.46297,0
787,0.46403,0
788,0.46507,0
789,0.4661,0
790,0.46713,0
791,0.46817,0
792,0.46926,0
793,0.47033,0
794,0.47137,0
795,0.47244,0
796,0.47348,0
797,0.47452,0
798,0.47559,0
799,0.47663,0
800,0.47768,0
801,0.47874,0
802,0.4798,0
803,0.48085,0
804,0.4819,0
805,0.48296,0
806,0.48401,0
807,0.48507,0
808,0.48611,0
809,0.48714,0
810,0.48817,0
811,0.48926,0
812,0.49034,0
813,0.49134,0
814,0.49239,0
815,0.49343,0
816,0.49446,0
817,0.49549,0
818,0.49652,0
819,0.49755,0
820,0.49856,0
821,0.49954,0
822,0.50058,0
823,0.50161,0
824,0.50261,0
825,0.50363,0
826,0.50465,0
827,0.50564,0
828,0.50662,0
829,0.50762,0
830,0.50864,0
831,0.50965,0
832,0.51064,0
833,0.51163,0
834,0.51258,0
835,0.51351,0
836,0.51447,0
837,0.51547,0
838,0.51648,0
839,0.51745,0
840,0.51838,0
841,0.51933,0
842,0.52028,0
843,0.52121,0
844,0.52215,0
845,0.52308,0
846,0.52402,0
847,0.52497,0
848,0.52586,0
849,0.52676,0
850,0.52768,0
851,0.5286,0
852,0.52952,0
853,0.53043,0
854,0.53133,0
855,0.53219,0
856,0.53309,0
857,0.53398,0
858,0.53484,0
859,0.53573,0
860,0.53663,0
861,0.53752,0
862,0.53836,0
863,0.5392,0
864,0.54007,0
865,0.54097,0
866,0.54186,0
867,0.54268,0
868,0.54351,0
869,0.54439,0
870,0.54531,0
871,0.54619,0
872,0.54709,0
873,0.54801,0
874,0.54892,0
875,0.54984,0
876,0.55074,0
877,0.55161,0
878,0.55252,0
879,0.55344,0
880,0.55437,0
881,0.55531,0
882,0.55626,0
883,0.55717,0
884,0.55808,0
885,0.55902,0
886,0.55995,0
887,0.5609,0
888,0.56187,0
889,0.56282,0
890,0.56375,0
891,0.56465,0
892,0.56553,0
893,0.56641,0
894,0.56733,0
895,0.56825,0
896,0.56915,0
897,0.57006,0
898,0.57091,0
899,0.57177,0
900,0.57269,0
901,0.5736,0
902,0.57441,0
903,0.57521,0
904,0.57608,0
905,0.57692,0
906,0.57775,0
907,0.57857,0
908,0.57939,0
909,0.58018,0
910,0.58105,0
911,0.58193,0
912,0.58272,0
913,0.58347,0
914,0.58422,0
915,0.58502,0
916,0.58585,0
917,0.58656,0
918,0.58733,0
919,0.58816,0
920,0.58893,0
921,0.58965,0
922,0.59037,0
923,0.5911,0
924,0.59183,0
925,0.59255,0
926,0.59323,0
927,0.59392,0
928,0.59467,0
929,0.59542,0
930,0.59615,0
931,0.59684,0
932,0.59747,0
933,0.59814,0
934,0.59883,0
935,0.5995,0
936,0.60015,0
937,0.60083,0
938,0.60154,0
939,0.60223,0
940,0.60282,0
941,0.60341,0
942,0.604,0
943,0.6046,0
944,0.60524,0
945,0.60586,0
946,0.60646,0
947,0.60707,0
948,0.60768,0
949,0.60822,0
950,0.60877,0
951,0.60934,0
952,0.6098,0
953,0.61027,0
954,0.61077,0
955,0.61131,0
956,0.61181,0
957,0.61229,0
958,0.61276,0
959,0.61323,0
960,0.61373,0
961,0.6142,0
962,0.61472,0
963,0.6153,0
964,0.61581,0
965,0.6163,0
966,0.61682,0
967,0.61738,0
968,0.61791,0
969,0.61835,0
970,0.61888,0
971,0.61951,0
972,0.62003,0
973,0.62059,0
974,0.62107,0
975,0.62148,0
976,0.62204,0
977,0.62263,0
978,0.62319,0
979,0.62373,0
980,0.62427,0
981,0.6247,0
982,0.62523,0
983,0.62586,0
984,0.62639,0
985,0.62697,0
986,0.62753,0
987,0.62806,0
988,0.62859,0
989,0.62922,0
990,0.62977,0
991,0.63028,0
992,0.63094,0
993,0.63149,0
994,0.63203,0
995,0.63261,0
996,0.63319,0
997,0.63358,0
998,0.63406,0
999,0.63467,0
1000,0.63531,0
1001,0.63969,0
1002,0.64027,0
1003,0.64079,0
1004,0.64137,0
1005,0.642,0
1006,0.64256,0
1007,0.64316,0
1008,0.64376,0
1009,0.64429,0
1010,0.64487,0
1011,0.64548,0
1012,0.64606,0
1013,0.64667,0
1014,0.64735,0
1015,0.64796,0
1016,0.64856,0
1017,0.64913,0
1018,0.64968,0
1019,0.65023,0
1020,0.65071,0
1021,0.65121,0
1022,0.65176,0
1023,0.65235,0
1024,0.65299,0
1025,0.65368,0
1026,0.65434,0
1027,0.6549,0
1028,0.6555,0
1029,0.65613,0
1030,0.65673,0
1031,0.65732,0
1032,0.65794,0
1033,0.65854,0
1034,0.65906,0
1035,0.65962,0
1036,0.66021,0
1037,0.66077,0
1038,0.66138,0
1039,0.66207,0
1040,0.6627,0
1041,0.66329,0
1042,0.66389,0
1043,0.66439,0
1044,0.66488,0
1045,0.66542,0
1046,0.66602,0
1047,0.66656,0
1048,0.66712,0
1049,0.66772,0
1050,0.66829,0
1051,0.66887,0
1052,0.66945,0
1053,0.66999,0
1054,0.67048,0
1055,0.67096,0
1056,0.67143,0
1057,0.67193,0
1058,0.67246,0
1059,0.67296,0
1060,0.67348,0
1061,0.674,0
1062,0.67452,0
1063,0.67501,0
1064,0.67553,0
1065,0.67602,0
1066,0.67653,0
1067,0.67707,0
1068,0.67758,0
1069,0.6781,0
1070,0.67858,0
1071,0.67901,0
1072,0.67949,0
1073,0.67995,0
1074,0.68038,0
1075,0.68082,0
1076,0.68128,0
1077,0.68174,0
1078,0.68219,0
1079,0.6826,0
1080,0.68302,0
1081,0.68342,0
1082,0.68378,0
1083,0.68421,0
1084,0.68465,0
1085,0.68502,0
1086,0.68541,0
1087,0.68582,0
1088,0.68618,0
1089,0.68656,0
1090,0.68697,0
1091,0.68736,0
1092,0.68771,0
1093,0.68808,0
1094,0.68845,0
1095,0.68883,0
1096,0.68922,0
1097,0.68962,0
1098,0.69001,0
1099,0.6903,0
1100,0.6906,0
1101,0.69094,0
1102,0.69126,0
1103,0.69158,0
1104,0.6919,0
1105,0.69218,0
1106,0.69244,0
1107,0.69271,0
1108,0.69298,0
1109,0.69322,0
1110,0.69349,0
1111,0.69378,0
1112,0.69406,0
1113,0.69433,0
1114,0.69455,0
1115,0.69471,0
1116,0.69492,0
1117,0.69511,0
1118,0.6953,0
1119,0.6955,0
1120,0.69566,0
1121,0.69582,0
1122,0.69597,0
1123,0.69607,0
1124,0.69612,0
1125,0.69617,0
1126,0.69617,0
1127,0.69618,0
1128,0.69619,0
1129,0.6962,0
1130,0.69618,0
1131,0.69609,0
1132,0.69598,0
1133,0.69588,0
1134,0.69576,0
1135,0.69564,0
1136,0.69551,0
1137,0.69533,0
1138,0.69509,0
1139,0.69486,0
1140,0.69464,0
1141,0.69442,0
1142,0.6942,0
1143,0.694,0
1144,0.69378,0
1145,0.69353,0
1146,0.69329,0
1147,0.69304,0
1148,0.69279,0
1149,0.69251,0
1150,0.69223,0
1151,0.692,0
1152,0.69177,0
1153,0.69157,0
1154,0.69141,0
1155,0.69127,0
1156,0.69115,0
1157,0.69102,0
1158,0.69091,0
1159,0.69081,0
1160,0.69073,0
1161,0.69065,0
1162,0.69058,0
1163,0.69054,0
1164,0.69051,0
1165,0.69049,0
1166,0.6905,0
1167,0.69053,0
1168,0.69058,0
1169,0.69065,0
1170,0.69074,0
1171,0.69083,0
1172,0.69093,0
1173,0.691,0
1174,0.69108,0
1175,0.69117,0
1176,0.69126,0
1177,0.69133,0
1178,0.69141,0
1179,0.69151,0
1180,0.69157,0
1181,0.69161,0
1182,0.69167,0
1183,0.69172,0
1184,0.69179,0
1185,0.69189,0
1186,0.69198,0
1187,0.69206,0
1188,0.69211,0
1189,0.69219,0
1190,0.69228,0
1191,0.69236,0
1192,0.69247,0
1193,0.69258,0
1194,0.69268,0
1195,0.6928,0
1196,0.69294,0
1197,0.69308,0
1198,0.6932,0
1199,0.69335,0
1200,0.69351,0
1201,0.69369,0
1202,0.69388,0
1203,0.69409,0
1204,0.6943,0
1205,0.69452,0
1206,0.69477,0
1207,0.69503,0
1208,0.69531,0
1209,0.6956,0
1210,0.69592,0
1211,0.69628,0
1212,0.69669,0
1213,0.69718,0
1214,0.69766,0
1215,0.69819,0
1216,0.69874,0
1217,0.6993,0
1218,0.69991,0
1219,0.70059,0
1220,0.70126,0
1221,0.70198,0
1222,0.70268,0
1223,0.70339,0
1224,0.70408,0
1225,0.70475,0
1226,0.70544,0
1227,0.70613,0
1228,0.70683,0
1229,0.70755,0
1230,0.70824,0
1231,0.7089,0
1232,0.70954,0
1233,0.71015,0
1234,0.71073,0
1235,0.71131,0
1236,0.71188,0
1237,0.71243,0
1238,0.71298,0
1239,0.7135,0
1240,0.714,0
1241,0.7145,0
1242,0.71498,0
1243,0.71546,0
1244,0.71593,0
1245,0.7164,0
1246,0.71684,0
1247,0.7173,0
1248,0.71777,0
1249,0.71823,0
1250,0.71868,0
1251,0.71911,0
1252,0.71953,0
1253,0.71991,0
1254,0.72031,0
1255,0.7207,0
1256,0.7211,0
1257,0.7215,0
1258,0.72191,0
1259,0.72233,0
1260,0.72272,0
1261,0.72312,0
1262,0.72351,0
1263,0.72391,0
1264,0.72428,0
1265,0.72465,0
1266,0.725,0
1267,0.72531,0
1268,0.72563,0
1269,0.72594,0
1270,0.72627,0
1271,0.72658,0
1272,0.72689,0
1273,0.72721,0
1274,0.72753,0
1275,0.72783,0
1276,0.72813,0
1277,0.72842,0
1278,0.7287,0
1279,0.72893,0
1280,0.72914,0
1281,0.72935,0
1282,0.72952,0
1283,0.72973,0
1284,0.72997,0
1285,0.73018,0
1286,0.73038,0
1287,0.73056,0
1288,0.73071,0
1289,0.73087,0
1290,0.73101,0
1291,0.73116,0
1292,0.73132,0
1293,0.73146,0
1294,0.73162,0
1295,0.73175,0
1296,0.73186,0
1297,0.73195,0
1298,0.73204,0
1299,0.73213,0
1300,0.73221,0
1301,0.7323,0
1302,0.73233,0
1303,0.73229,0
1304,0.73229,0
1305,0.73224,0
1306,0.73222,0
1307,0.73223,0
1308,0.73221,0
1309,0.7322,0
1310,0.73216,0
1311,0.73212,0
1312,0.73204,0
1313,0.73191,0
1314,0.73179,0
1315,0.73164,0
1316,0.7315,0
1317,0.73137,0
1318,0.73121,0
1319,0.73103,0
1320,0.73081,0
1321,0.73059,0
1322,0.73035,0
1323,0.7301,0
1324,0.72986,0
1325,0.72958,0
1326,0.72927,0
1327,0.72896,0
1328,0.72863,0
1329,0.72828,0
1330,0.72793,0
1331,0.72755,0
1332,0.72716,0
1333,0.72675,0
1334,0.72634,0
1335,0.72592,0
1336,0.72549,0
1337,0.72506,0
1338,0.72465,0
1339,0.72422,0
1340,0.72379,0
1341,0.72333,0
1342,0.72283,0
1343,0.72235,0
1344,0.72186,0
1345,0.72139,0
1346,0.72093,0
1347,0.72048,0
1348,0.72004,0
1349,0.71962,0
1350,0.71917,0
1351,0.71873,0
1352,0.7183,0
1353,0.71787,0
1354,0.71744,0
1355,0.71702,0
1356,0.71661,0
1357,0.71621,0
1358,0.7158,0
1359,0.71541,0
1360,0.71499,0
1361,0.71454,0
1362,0.71411,0
1363,0.71369,0
1364,0.71329,0
1365,0.71293,0
1366,0.71253,0
1367,0.71215,0
1368,0.71171,0
1369,0.71124,0
1370,0.71074,0
1371,0.71021,0
1372,0.70964,0
1373,0.70905,0
1374,0.70839,0
1375,0.70767,0
1376,0.70689,0
1377,0.70605,0
1378,0.70514,0
1379,0.70414,0
1380,0.70306,0
1381,0.70192,0
1382,0.70069,0
1383,0.69939,0
1384,0.69803,0
1385,0.69659,0
1386,0.69505,0
1387,0.69345,0
1388,0.69177,0
1389,0.69004,0
1390,0.68822,0
1391,0.68637,0
1392,0.68445,0
1393,0.6825,0
1394,0.6805,0
1395,0.67844,0
1396,0.67633,0
1397,0.6742,0
1398,0.67201,0
1399,0.66978,0
1400,0.66752,0
1401,0.66523,0
1402,0.66289,0
1403,0.66053,0
1404,0.65812,0
1405,0.65574,0
1406,0.65335,0
1407,0.65098,0
1408,0.64862,0
1409,0.6463,0
1410,0.64399,0
1411,0.64171,0
1412,0.63949,0
1413,0.6373,0
1414,0.6352,0
1415,0.63314,0
1416,0.63118,0
1417,0.62929,0
1418,0.62749,0
1419,0.62578,0
1420,0.62412,0
1421,0.62255,0
1422,0.62104,0
1423,0.61957,0
1424,0.6182,0
1425,0.6169,0
1426,0.61569,0
1427,0.61454,0
1428,0.61347,0
1429,0.6125,0
1430,0.61157,0
1431,0.61071,0
1432,0.60989,0
1433,0.60911,0
1434,0.6084,0
1435,0.60775,0
1436,0.60715,0
1437,0.60659,0
1438,0.6061,0
1439,0.60568,0
1440,0.60528,0
1441,0.60493,0
1442,0.60462,0
1443,0.60435,0
1444,0.60412,0
1445,0.60398,0
1446,0.60385,0
1447,0.60374,0
1448,0.60365,0
1449,0.60359,0
1450,0.60353,0
1451,0.60349,0
1452,0.60349,0
1453,0.60351,0
1454,0.60354,0
1455,0.60361,0
1456,0.60372,0
1457,0.60382,0
1458,0.60393,0
1459,0.60404,0
1460,0.60413,0
1461,0.60429,0
1462,0.60448,0
1463,0.60467,0
1464,0.60488,0
1465,0.60513,0
1466,0.60538,0
1467,0.60569,0
1468,0.60606,0
1469,0.60645,0
1470,0.60689,0
1471,0.60732,0
1472,0.60776,0
1473,0.60825,0
1474,0.60874,0
1475,0.60928,0
1476,0.60987,0
1477,0.61046,0
1478,0.61107,0
1479,0.6117,0
1480,0.61237,0
1481,0.61302,0
1482,0.61367,0
1483,0.61432,0
1484,0.61494,0
1485,0.6156,0
1486,0.6163,0
1487,0.61698,0
1488,0.61769,0
1489,0.61839,0
1490,0.61907,0
1491,0.61977,0
1492,0.62046,0
1493,0.62117,0
1494,0.62188,0
1495,0.6226,0
1496,0.62333,0
1497,0.62406,0
1498,0.6248,0
1499,0.62553,0
1500,0.62627,0
1501,0.62699,0
1502,0.62769,0
1503,0.62842,0
1504,0.62913,0
1505,0.62982,0
1506,0.63054,0
1507,0.63125,0
1508,0.63196,0
1509,0.63267,0
1510,0.63337,0
1511,0.63407,0
1512,0.63475,0
1513,0.63543,0
1514,0.63611,0
1515,0.63678,0
1516,0.63744,0
1517,0.6381,0
1518,0.63876,0
1519,0.63941,0
1520,0.64004,0
1521,0.64068,0
1522,0.64128,0
1523,0.64183,0
1524,0.64243,0
1525,0.64302,0
1526,0.64362,0
1527,0.64427,0
1528,0.64484,0
1529,0.64536,0
1530,0.6459,0
1531,0.64643,0
1532,0.64694,0
1533,0.64746,0
1534,0.64796,0
1535,0.64842,0
1536,0.64889,0
1537,0.64937,0
1538,0.64984,0
1539,0.65031,0
1540,0.65078,0
1541,0.65126,0
1542,0.65173,0
1543,0.65219,0
1544,0.65265,0
1545,0.65311,0
1546,0.65358,0
1547,0.65404,0
1548,0.65449,0
1549,0.65494,0
1550,0.65537,0
1551,0.65579,0
1552,0.65622,0
1553,0.65667,0
1554,0.6571,0
1555,0.65753,0
1556,0.65795,0
1557,0.65835,0
1558,0.65875,0
1559,0.65913,0
1560,0.65951,0
1561,0.65988,0
1562,0.66025,0
1563,0.66059,0
1564,0.66095,0
1565,0.66133,0
1566,0.66171,0
1567,0.66211,0
1568,0.66249,0
1569,0.66283,0
1570,0.66319,0
1571,0.66355,0
1572,0.66393,0
1573,0.66434,0
1574,0.66473,0
1575,0.66512,0
1576,0.66551,0
1577,0.66588,0
1578,0.66627,0
1579,0.66668,0
1580,0.66709,0
1581,0.66754,0
1582,0.66796,0
1583,0.66837,0
1584,0.66879,0
1585,0.66919,0
1586,0.66961,0
1587,0.67006,0
1588,0.6705,0
1589,0.67092,0
1590,0.67137,0
1591,0.67185,0
1592,0.6723,0
1593,0.67274,0
1594,0.67319,0
1595,0.67362,0
1596,0.67408,0
1597,0.67459,0
1598,0.67509,0
1599,0.67563,0
1600,0.67613,0
1601,0.67661,0
1602,0.67709,0
1603,0.67752,0
1604,0.67798,0
1605,0.67847,0
1606,0.67895,0
1607,0.67945,0
1608,0.67993,0
1609,0.6804,0
1610,0.68086,0
1611,0.68132,0
1612,0.68176,0
1613,0.68218,0
1614,0.68261,0
1615,0.68304,0
1616,0.68345,0
1617,0.68385,0
1618,0.68426,0
1619,0.68466,0
1620,0.68503,0
1621,0.68538,0
1622,0.68574,0
1623,0.68609,0
1624,0.68643,0
1625,0.68682,0
1626,0.68717,0
1627,0.68749,0
1628,0.68781,0
1629,0.68813,0
1630,0.68843,0
1631,0.68874,0
1632,0.68901,0
1633,0.68926,0
1634,0.6895,0
1635,0.68973,0
1636,0.68993,0
1637,0.69011,0
1638,0.69026,0
1639,0.69036,0
1640,0.69046,0
1641,0.69057,0
1642,0.69065,0
1643,0.69072,0
1644,0.69075,0
1645,0.69073,0
1646,0.69069,0
1647,0.69061,0
1648,0.69052,0
1649,0.69041,0
1650,0.69028,0
1651,0.69014,0
1652,0.68998,0
1653,0.68978,0
1654,0.68956,0
1655,0.68932,0
1656,0.68905,0
1657,0.68876,0
1658,0.68847,0
1659,0.68814,0
1660,0.68782,0
1661,0.6875,0
1662,0.68718,0
1663,0.68684,0
1664,0.68653,0
1665,0.68622,0
1666,0.68592,0
1667,0.68561,0
1668,0.68534,0
1669,0.6851,0
1670,0.68484,0
1671,0.68461,0
1672,0.68435,0
1673,0.68405,0
1674,0.68379,0
1675,0.68354,0
1676,0.68328,0
1677,0.68305,0
1678,0.68279,0
1679,0.68255,0
1680,0.68225,0
1681,0.68191,0
1682,0.68153,0
1683,0.68104,0
1684,0.68061,0
1685,0.68018,0
1686,0.67973,0
1687,0.67932,0
1688,0.67883,0
1689,0.67828,0
1690,0.67772,0
1691,0.67712,0
1692,0.67651,0
1693,0.6759,0
1694,0.67524,0
1695,0.67455,0
1696,0.67384,0
1697,0.67309,0
1698,0.67234,0
1699,0.67158,0
1700,0.6708,0
1701,0.67003,0
1702,0.66921,0
1703,0.66834,0
1704,0.66749,0
1705,0.66662,0
1706,0.66574,0
1707,0.66486,0
1708,0.66397,0
1709,0.66306,0
1710,0.66217,0
1711,0.66131,0
1712,0.66043,0
1713,0.65954,0
1714,0.65866,0
1715,0.65776,0
1716,0.6569,0
1717,0.65611,0
1718,0.65529,0
1719,0.65451,0
1720,0.65373,0
1721,0.65288,0
1722,0.6521,0
1723,0.65135,0
1724,0.65063,0
1725,0.65003,0
1726,0.64957,0
1727,0.64923,0
1728,0.64909,0
1729,0.64909,0
1730,0.64923,0
1731,0.64952,0
1732,0.64998,0
1733,0.65059,0
1734,0.65136,0
1735,0.6522,0
1736,0.65309,0
1737,0.65394,0
1738,0.65482,0
1739,0.6556,0
1740,0.65639,0
1741,0.65702,0
1742,0.65752,0
1743,0.65796,0
1744,0.65829,0
1745,0.65857,0
1746,0.65882,0
1747,0.65895,0
1748,0.65899,0
1749,0.65899,0
1750,0.65887,0
1751,0.65879,0
1752,0.65869,0
1753,0.65855,0
1754,0.65839,0
1755,0.65822,0
1756,0.65798,0
1757,0.65781,0
1758,0.65764,0
1759,0.65754,0
1760,0.65751,0
1761,0.65748,0
1762,0.65753,0
1763,0.65767,0
1764,0.65787,0
1765,0.65815,0
1766,0.65849,0
1767,0.65888,0
1768,0.65933,0
1769,0.65986,0
1770,0.66042,0
1771,0.66094,0
1772,0.66139,0
1773,0.66183,0
1774,0.66225,0
1775,0.6626,0
1776,0.66299,0
1777,0.66336,0
1778,0.66364,0
1779,0.66389,0
1780,0.66414,0
1781,0.66433,0
1782,0.66453,0
1783,0.66478,0
1784,0.66501,0
1785,0.66524,0
1786,0.66544,0
1787,0.66566,0
1788,0.66586,0
1789,0.66601,0
1790,0.66622,0
1791,0.66642,0
1792,0.66664,0
1793,0.6669,0
1794,0.66711,0
1795,0.66736,0
1796,0.66764,0
1797,0.66786,0
1798,0.66808,0
1799,0.66835,0
1800,0.66863,0
1801,0.66773,0
1802,0.66804,0
1803,0.66837,0
1804,0.66874,0
1805,0.66908,0
1806,0.66945,0
1807,0.66976,0
1808,0.67002,0
1809,0.67032,0
1810,0.67063,0
1811,0.67092,0
1812,0.67121,0
1813,0.67153,0
1814,0.67185,0
1815,0.67215,0
1816,0.67246,0
1817,0.67281,0
1818,0.67313,0
1819,0.67345,0
1820,0.67375,0
1821,0.67404,0
1822,0.67433,0
1823,0.6746,0
1824,0.67489,0
1825,0.67518,0
1826,0.67552,0
1827,0.67582,0
1828,0.67611,0
1829,0.67639,0
1830,0.67665,0
1831,0.67692,0
1832,0.67718,0
1833,0.67746,0
1834,0.67772,0
1835,0.67798,0
1836,0.67821,0
1837,0.67843,0
1838,0.67865,0
1839,0.67884,0
1840,0.67903,0
1841,0.67922,0
1842,0.67939,0
1843,0.67956,0
1844,0.6797,0
1845,0.6798,0
1846,0.67987,0
1847,0.67988,0
1848,0.67984,0
1849,0.67978,0
1850,0.67972,0
1851,0.67956,0
1852,0.67933,0
1853,0.67906,0
1854,0.67872,0
1855,0.67829,0
1856,0.67784,0
1857,0.67734,0
1858,0.67677,0
1859,0.67616,0
1860,0.67542,0
1861,0.67458,0
1862,0.67365,0
1863,0.67262,0
1864,0.67148,0
1865,0.67028,0
1866,0.66897,0
1867,0.66751,0
1868,0.66596,0
1869,0.66428,0
1870,0.6625,0
1871,0.66056,0
1872,0.65849,0
1873,0.65631,0
1874,0.65396,0
1875,0.65142,0
1876,0.64872,0
1877,0.64581,0
1878,0.64278,0
1879,0.6396,0
1880,0.63615,0
1881,0.63248,0
1882,0.62865,0
1883,0.6246,0
1884,0.6203,0
1885,0.61579,0
1886,0.6111,0
1887,0.60617,0
1888,0.60102,0
1889,0.59568,0
1890,0.59021,0
1891,0.58459,0
1892,0.57886,0
1893,0.57299,0
1894,0.56703,0
1895,0.56097,0
1896,0.55487,0
1897,0.54877,0
1898,0.54271,0
1899,0.53671,0
1900,0.5308,0
1901,0.52499,0
1902,0.51931,0
1903,0.51381,0
1904,0.50846,0
1905,0.50332,0
1906,0.49836,0
1907,0.49365,0
1908,0.48923,0
1909,0.48503,0
1910,0.48105,0
1911,0.4773,0
1912,0.47374,0
1913,0.47043,0
1914,0.46732,0
1915,0.46442,0
1916,0.46173,0
1917,0.45925,0
1918,0.45694,0
1919,0.4548,0
1920,0.45288,0
1921,0.45114,0
1922,0.44957,0
1923,0.44816,0
1924,0.44692,0
1925,0.44588,0
1926,0.44497,0
1927,0.44421,0
1928,0.4436,0
1929,0.44315,0
1930,0.44281,0
1931,0.44261,0
1932,0.44254,0
1933,0.44259,0
1934,0.44276,0
1935,0.44303,0
1936,0.44343,0
1937,0.44395,0
1938,0.44454,0
1939,0.44523,0
1940,0.44601,0
1941,0.44686,0
1942,0.44778,0
1943,0.44878,0
1944,0.44984,0
1945,0.45097,0
1946,0.45217,0
1947,0.4534,0
1948,0.45464,0
1949,0.45593,0
1950,0.45725,0
1951,0.4586,0
1952,0.45997,0
1953,0.4614,0
1954,0.46287,0
1955,0.46433,0
1956,0.46581,0
1957,0.46729,0
1958,0.46877,0
1959,0.47029,0
1960,0.47181,0
1961,0.47335,0
1962,0.4749,0
1963,0.47645,0
1964,0.47801,0
1965,0.47959,0
1966,0.48116,0
1967,0.48271,0
1968,0.48427,0
1969,0.48582,0
1970,0.48739,0
1971,0.48896,0
1972,0.49051,0
1973,0.49209,0
1974,0.49366,0
1975,0.49524,0
1976,0.49686,0
1977,0.49845,0
1978,0.50003,0
1979,0.50161,0
1980,0.50323,0
1981,0.50486,0
1982,0.50646,0
1983,0.50806,0
1984,0.50962,0
1985,0.51118,0
1986,0.51275,0
1987,0.51435,0
1988,0.5159,0
1989,0.51745,0
1990,0.51898,0
1991,0.5205,0
1992,0.52198,0
1993,0.52346,0
1994,0.52493,0
1995,0.52638,0
1996,0.52782,0
1997,0.52926,0
1998,0.53063,0
1999,0.53196,0
2000,0.53322,0
2001,0.53451,0
2002,0.53576,0
2003,0.53701,0
2004,0.53832,0
2005,0.53952,0
2006,0.54068,0
2007,0.54179,0
2008,0.54287,0
2009,0.54386,0
2010,0.54485,0
2011,0.54582,0
2012,0.54672,0
2013,0.5476,0
2014,0.54845,0
2015,0.54928,0
2016,0.55006,0
2017,0.55082,0
2018,0.55152,0
2019,0.55218,0
2020,0.55275,0
2021,0.55327,0
2022,0.55374,0
2023,0.55416,0
2024,0.55457,0
2025,0.55494,0
2026,0.55526,0
2027,0.55552,0
2028,0.55573,0
2029,0.55589,0
2030,0.556,0
2031,0.55607,0
2032,0.55609,0
2033,0.5561,0
2034,0.55608,0
2035,0.55601,0
2036,0.55591,0
2037,0.55576,0
2038,0.55557,0
2039,0.55538,0
2040,0.55519,0
2041,0.55499,0
2042,0.55476,0
2043,0.55451,0
2044,0.55427,0
2045,0.55401,0
2046,0.55378,0
2047,0.55358,0
2048,0.55336,0
2049,0.55314,0
2050,0.55291,0
2051,0.55266,0
2052,0.55244,0
2053,0.55224,0
2054,0.55207,0
2055,0.55197,0
2056,0.55188,0
2057,0.5518,0
2058,0.55174,0
2059,0.55171,0
2060,0.5517,0
2061,0.55171,0
2062,0.55176,0
2063,0.55181,0
2064,0.5519,0
2065,0.55199,0
2066,0.55211,0
2067,0.55223,0
2068,0.55233,0
2069,0.55244,0
2070,0.55257,0
2071,0.55268,0
2072,0.55281,0
2073,0.55296,0
2074,0.55312,0
2075,0.55329,0
2076,0.55347,0
2077,0.55365,0
2078,0.55384,0
2079,0.55403,0
2080,0.55421,0
2081,0.55439,0
2082,0.55457,0
2083,0.55474,0
2084,0.55491,0
2085,0.5551,0
2086,0.55526,0
2087,0.55544,0
2088,0.55561,0
2089,0.55578,0
2090,0.55595,0
2091,0.55612,0
2092,0.55629,0
2093,0.55645,0
2094,0.55662,0
2095,0.55679,0
2096,0.55694,0
2097,0.55713,0
2098,0.55736,0
2099,0.55759,0
2100,0.55784,0
2101,0.55807,0
2102,0.55832,0
2103,0.55859,0
2104,0.55887,0
2105,0.5592,0
2106,0.55952,0
2107,0.55985,0
2108,0.56019,0
2109,0.56057,0
2110,0.56091,0
2111,0.56124,0
2112,0.5616,0
2113,0.56195,0
2114,0.56229,0
2115,0.56265,0
2116,0.563,0
2117,0.56332,0
2118,0.56367,0
2119,0.56402,0
2120,0.56439,0
2121,0.56476,0
2122,0.56513,0
2123,0.56549,0
2124,0.56587,0
2125,0.56618,0
2126,0.56646,0
2127,0.56673,0
2128,0.56694,0
2129,0.56716,0
2130,0.5674,0
2131,0.56757,0
2132,0.56771,0
2133,0.56784,0
2134,0.56791,0
2135,0.568,0
2136,0.56807,0
2137,0.56819,0
2138,0.56831,0
2139,0.56844,0
2140,0.56858,0
2141,0.5687,0
2142,0.56881,0
2143,0.56888,0
2144,0.56897,0
2145,0.56903,0
2146,0.56912,0
2147,0.56923,0
2148,0.56931,0
2149,0.56941,0
2150,0.56948,0
2151,0.56953,0
2152,0.56957,0
2153,0.56962,0
2154,0.56964,0
2155,0.56962,0
2156,0.56961,0
2157,0.56959,0
2158,0.56952,0
2159,0.56945,0
2160,0.56938,0
2161,0.56931,0
2162,0.56921,0
2163,0.56915,0
2164,0.56909,0
2165,0.56907,0
2166,0.56907,0
2167,0.56907,0
2168,0.56908,0
2169,0.56911,0
2170,0.56915,0
2171,0.5692,0
2172,0.56926,0
2173,0.56935,0
2174,0.56945,0
2175,0.56957,0
2176,0.56972,0
2177,0.56992,0
2178,0.57011,0
2179,0.57029,0
2180,0.57049,0
2181,0.57066,0
2182,0.57084,0
2183,0.57102,0
2184,0.57123,0
2185,0.57149,0
2186,0.57169,0
2187,0.57185,0
2188,0.57206,0
2189,0.57224,0
2190,0.57244,0
2191,0.57269,0
2192,0.57291,0
2193,0.57309,0
2194,0.57332,0
2195,0.57356,0
2196,0.5738,0
2197,0.57404,0
2198,0.57428,0
2199,0.57454,0
2200,0.57476,0
2201,0.57499,0
2202,0.57519,0
2203,0.57537,0
2204,0.57553,0
2205,0.57571,0
2206,0.57587,0
2207,0.57602,0
2208,0.57619,0
2209,0.57634,0
2210,0.5765,0
2211,0.5766,0
2212,0.57667,0
2213,0.57673,0
2214,0.57675,0
2215,0.57675,0
2216,0.57674,0
2217,0.57667,0
2218,0.57657,0
2219,0.57644,0
2220,0.57629,0
2221,0.57608,0
2222,0.57582,0
2223,0.5755,0
2224,0.57512,0
2225,0.57466,0
2226,0.57414,0
2227,0.57353,0
2228,0.57283,0
2229,0.57203,0
2230,0.57115,0
2231,0.57019,0
2232,0.56915,0
2233,0.56803,0
2234,0.56685,0
2235,0.56556,0
2236,0.56423,0
2237,0.56288,0
2238,0.56143,0
2239,0.5599,0
2240,0.55831,0
2241,0.55659,0
2242,0.5549,0
2243,0.55316,0
2244,0.55142,0
2245,0.54967,0
2246,0.54788,0
2247,0.546,0
2248,0.54418,0
2249,0.54236,0
2250,0.54056,0
2251,0.53883,0
2252,0.53704,0
2253,0.53522,0
2254,0.53344,0
2255,0.53161,0
2256,0.52985,0
2257,0.52813,0
2258,0.52647,0
2259,0.52483,0
2260,0.52324,0
2261,0.52166,0
2262,0.52009,0
2263,0.51854,0
2264,0.51706,0
2265,0.5157,0
2266,0.5144,0
2267,0.51315,0
2268,0.51195,0
2269,0.51075,0
2270,0.50961,0
2271,0.50854,0
2272,0.50757,0
2273,0.50667,0
2274,0.50588,0
2275,0.5051,0
2276,0.50442,0
2277,0.5037,0
2278,0.50297,0
2279,0.5023,0
2280,0.50164,0
2281,0.50098,0
2282,0.50041,0
2283,0.49975,0
2284,0.49904,0
2285,0.49829,0
2286,0.49751,0
2287,0.49667,0
2288,0.4958,0
2289,0.49487,0
2290,0.4939,0
2291,0.49282,0
2292,0.49165,0
2293,0.49044,0
2294,0.48911,0
2295,0.48778,0
2296,0.48641,0
2297,0.48501,0
2298,0.48357,0
2299,0.48206,0
2300,0.48049,0
2301,0.47893,0
2302,0.47739,0
2303,0.47588,0
2304,0.47449,0
2305,0.4732,0
2306,0.47205,0
2307,0.47108,0
2308,0.47029,0
2309,0.46976,0
2310,0.46956,0
2311,0.46967,0
2312,0.47011,0
2313,0.47097,0
2314,0.47214,0
2315,0.47359,0
2316,0.47522,0
2317,0.47697,0
2318,0.47873,0
2319,0.48041,0
2320,0.482,0
2321,0.48343,0
2322,0.48468,0
2323,0.48568,0
2324,0.48647,0
2325,0.48705,0
2326,0.48746,0
2327,0.48763,0
2328,0.48772,0
2329,0.48762,0
2330,0.48747,0
2331,0.4872,0
2332,0.48692,0
2333,0.48663,0
2334,0.48623,0
2335,0.48575,0
2336,0.48519,0
2337,0.48452,0
2338,0.48381,0
2339,0.48304,0
2340,0.48223,0
2341,0.48133,0
2342,0.48041,0
2343,0.4794,0
2344,0.47848,0
2345,0.4775,0
2346,0.47675,0
2347,0.4761,0
2348,0.47567,0
2349,0.47543,0
2350,0.47539,0
2351,0.47561,0
2352,0.47597,0
2353,0.47661,0
2354,0.47725,0
2355,0.47803,0
2356,0.47878,0
2357,0.47965,0
2358,0.48033,0
2359,0.48095,0
2360,0.48146,0
2361,0.4818,0
2362,0.48206,0
2363,0.48223,0
2364,0.48229,0
2365,0.48224,0
2366,0.482,0
2367,0.48177,0
2368,0.48155,0
2369,0.48126,0
2370,0.481,0
2371,0.48066,0
2372,0.48019,0
2373,0.47969,0
2374,0.47923,0
2375,0.47885,0
2376,0.47847,0
2377,0.47806,0
2378,0.47761,0
2379,0.47711,0
2380,0.47658,0
2381,0.47616,0
2382,0.47578,0
2383,0.47535,0
2384,0.47503,0
2385,0.47466,0
2386,0.47424,0
2387,0.47392,0
2388,0.4736,0
2389,0.47329,0
2390,0.47302,0
2391,0.47274,0
2392,0.47239,0
2393,0.47208,0
2394,0.47185,0
2395,0.47151,0
2396,0.47117,0
2397,0.4708,0
2398,0.4704,0
2399,0.47009,0
2400,0.46977,0
2401,0.46949,0
2402,0.4692,0
2403,0.46872,0
2404,0.46824,0
2405,0.46768,0
2406,0.46707,0
2407,0.4666,0
2408,0.46615,0
2409,0.46567,0
2410,0.46514,0
2411,0.46459,0
2412,0.464,0
2413,0.46329,0
2414,0.46263,0
2415,0.46198,0
2416,0.46137,0
2417,0.46087,0
2418,0.46024,0
2419,0.45946,0
2420,0.45863,0
2421,0.45769,0
2422,0.45673,0
2423,0.45587,0
2424,0.45499,0
2425,0.45413,0
2426,0.45335,0
2427,0.45257,0
2428,0.45173,0
2429,0.45084,0
2430,0.44981,0
2431,0.44879,0
2432,0.44773,0
2433,0.4466,0
2434,0.44555,0
2435,0.44451,0
2436,0.44346,0
2437,0.44253,0
2438,0.44166,0
2439,0.44066,0
2440,0.43965,0
2441,0.43866,0
2442,0.4376,0
2443,0.43661,0
2444,0.4357,0
2445,0.43471,0
2446,0.43377,0
2447,0.43281,0
2448,0.43175,0
2449,0.43063,0
2450,0.42955,0
2451,0.42845,0
2452,0.42742,0
2453,0.42633,0
2454,0.42513,0
2455,0.42412,0
2456,0.42311,0
2457,0.42203,0
2458,0.42119,0
2459,0.4203,0
2460,0.4193,0
2461,0.41824,0
2462,0.41699,0
2463,0.41578,0
2464,0.4146,0
2465,0.41357,0
2466,0.41277,0
2467,0.41189,0
2468,0.41092,0
2469,0.40997,0
2470,0.4093,0
2471,0.40861,0
2472,0.40779,0
2473,0.40724,0
2474,0.40643,0
2475,0.40549,0
2476,0.40478,0
2477,0.40401,0
2478,0.40328,0
2479,0.40253,0
2480,0.40191,0
2481,0.40152,0
2482,0.40092,0
2483,0.40051,0
2484,0.40024,0
2485,0.39981,0
2486,0.39944,0
2487,0.39911,0
2488,0.39899,0
2489,0.39882,0
2490,0.39882,0
2491,0.39922,0
2492,0.39921,0
2493,0.39902,0
2494,0.39899,0
2495,0.39874,0
2496,0.39868,0
2497,0.39878,0
2498,0.39902,0
2499,0.39952,0
2500,0.39974,0
